latitude,longitude,month,year,predicted_individuals
18.41113,22.378945,12,2018,901
13.14,30.57,1,2022,858
18.41113,22.378945,11,2018,841
13.14,30.57,4,2021,812
13.14,30.57,5,2021,807
13.14,30.57,3,2021,793
13.14,30.57,6,2021,792
13.14,30.57,2,2021,778
18.41113,22.378945,10,2018,768
13.14,30.57,7,2021,767
13.14,30.57,1,2021,751
13.14,30.57,8,2021,730
18.41113,22.378945,12,2017,723
18.41113,22.378945,9,2018,683
13.14,30.57,5,2020,681
13.14,30.57,9,2021,680
13.14,30.57,6,2020,664
18.41113,22.378945,11,2017,653
13.14,30.57,4,2020,650
13.14,30.57,3,2020,634
13.14,30.57,7,2020,634
13.14,30.57,10,2021,616
13.14,30.57,8,2020,591
18.41113,22.378945,8,2018,585
13.14,30.57,2,2020,576
18.41113,22.378945,10,2017,565
13.14,30.57,11,2021,537
13.14,30.57,9,2020,533
18.41113,22.378945,6,2019,511
18.41113,22.378945,7,2018,474
13.14,30.57,10,2020,458
13.14,30.57,12,2021,439
18.41113,22.378945,5,2019,382
13.14,30.57,11,2020,366
18.41113,22.378945,9,2017,361
18.41113,22.378945,6,2018,352
13.14,30.57,12,2020,251
18.41113,22.378945,4,2019,243
18.41113,22.378945,5,2018,216
11.859,31.084,4,2021,211
12.34,24.56,8,2020,202
11.859,31.084,5,2021,201
18.41113,22.378945,8,2017,189
11.859,31.084,3,2021,183
11.859,31.084,6,2021,179
11.859,31.084,2,2021,166
12.34,24.56,7,2020,149
11.859,31.084,7,2021,143
11.859,31.084,1,2021,136
18.41113,22.378945,3,2019,129
11.859,31.084,8,2021,91
12.34,24.56,6,2020,85
12.34,24.56,11,2019,81
12.34,24.56,10,2019,74
12.34,24.56,12,2019,70
18.41113,22.378945,4,2018,69
12.34,24.56,9,2019,52
11.859,31.084,4,2020,31
11.859,31.084,5,2020,23
11.859,31.084,9,2021,22
12.34,24.56,8,2019,15
12.34,24.56,5,2020,9
11.859,31.084,6,2020,6
18.41113,22.378945,2,2019,17
18.41113,22.378945,7,2017,19
12.34,24.56,7,2019,37
11.859,31.084,7,2020,46
11.859,31.084,2,2020,46
18.41113,22.378945,3,2018,51
11.859,31.084,10,2021,65
17.629421,24.409295,11,2016,77
12.34,24.56,4,2020,80
17.629421,24.409295,12,2016,82
15.75,32.45,4,2018,88
17.629421,24.409295,10,2016,96
12.34,24.56,6,2019,102
11.859,31.084,8,2020,109
11.859,31.084,3,2020,110
15.75,32.45,5,2018,120
18.41113,22.378945,1,2019,122
17.629421,24.409295,9,2016,137
15.75,32.45,2,2018,150
12.34,24.56,3,2020,155
15.75,32.45,3,2018,166
11.859,31.084,11,2021,174
13.95,22.45,12,2020,179
12.34,24.56,5,2019,179
12.34,24.56,10,2018,180
15.75,32.45,6,2018,182
12.34,24.56,11,2018,182
13.95,22.45,8,2021,187
11.859,31.084,9,2020,191
12.34,24.56,12,2018,194
17.629421,24.409295,8,2016,197
18.41113,22.378945,2,2018,205
13.95,22.45,11,2020,207
11.859,31.084,1,2020,222
15.75,32.45,1,2018,239
12.34,24.56,2,2020,247
13.95,22.45,10,2020,249
12.34,24.56,9,2018,256
15.75,32.45,7,2018,265
12.34,24.56,4,2019,271
13.95,22.45,7,2021,271
17.629421,24.409295,7,2016,276
11.859,31.084,10,2020,296
13.95,22.45,9,2020,306
15.75,32.45,2,2017,307
11.859,31.084,12,2021,309
18.41113,22.378945,1,2018,314
13.16,30.59,8,2021,319
13.16,30.59,9,2021,322
13.16,30.59,7,2021,328
13.16,30.59,10,2021,338
13.16,30.59,6,2021,347
12.34,24.56,3,2019,351
12.34,24.56,1,2020,360
15.75,32.45,4,2017,363
13.16,30.59,11,2021,366
13.95,22.45,6,2021,368
17.629421,24.409295,6,2016,372
13.16,30.59,5,2021,378
13.95,22.45,8,2020,378
15.75,32.45,8,2018,383
14.965478,30.784125,4,2019,392
14.965478,30.784125,5,2019,394
13.95,22.45,12,2019,403
15.75,32.45,5,2017,408
13.16,30.59,12,2021,409
13.95,22.45,11,2019,414
13.16,30.59,4,2021,419
14.965478,30.784125,6,2019,419
13.95,22.45,10,2019,425
11.859,31.084,11,2020,427
17.629421,24.409295,3,2017,433
13.16,30.59,1,2022,442
12.34,24.56,2,2019,448
15.75,32.45,3,2017,457
15.75,32.45,1,2017,459
14.965478,30.784125,3,2019,461
14.965478,30.784125,7,2019,463
13.95,22.45,7,2020,465
17.629421,24.409295,11,2015,468
13.16,30.59,3,2021,469
17.629421,24.409295,10,2015,469
13.95,22.45,5,2021,478
14.965478,30.784125,2,2019,482
17.629421,24.409295,5,2016,487
17.629421,24.409295,9,2015,496
13.16,30.59,8,2020,497
17.629421,24.409295,12,2015,498
15.75,32.45,6,2017,501
13.16,30.59,7,2020,502
13.16,30.59,9,2020,505
13.12,30.55,1,2022,511
13.16,30.59,6,2020,519
13.95,22.45,9,2019,525
13.16,30.59,10,2020,527
13.16,30.59,2,2021,528
14.965478,30.784125,8,2019,534
15.75,32.45,9,2018,538
13.16,30.59,5,2020,548
17.629421,24.409295,8,2015,548
14.965478,30.784125,1,2019,561
13.16,30.59,11,2020,563
13.95,22.45,6,2020,565
12.34,24.56,1,2019,565
17.629421,24.409295,2,2017,569
13.16,30.59,4,2020,584
11.859,31.084,12,2020,588
13.16,30.59,1,2021,600
13.95,22.45,4,2021,601
15.75,32.45,7,2017,613
13.16,30.59,12,2020,616
17.629421,24.409295,4,2016,616
17.629421,24.409295,7,2015,637
13.16,30.59,3,2020,638
13.12,30.55,2,2021,640
13.12,30.55,4,2021,665
13.12,30.55,3,2021,665
12.234567,25.456789,2,2015,666
13.95,22.45,5,2020,680
17.629421,24.409295,1,2017,680
14.965478,30.784125,4,2018,683
13.12,30.55,1,2021,689
13.16,30.59,2,2020,693
14.965478,30.784125,5,2018,693
17.629421,24.409295,6,2015,695
13.95,22.45,3,2021,706
13.12,30.55,5,2021,721
13.12,30.55,2,2020,728
17.629421,24.409295,3,2016,730
14.965478,30.784125,6,2018,732
11.007893,29.715408,2,2022,736
15.75,32.45,10,2018,739
11.007893,29.715408,1,2022,764
15.75,32.45,8,2017,772
14.965478,30.784125,3,2018,786
14.965478,30.784125,7,2018,793
13.12,30.55,6,2021,799
13.12,30.55,3,2020,800
13.95,22.45,4,2020,809
14.965478,30.784125,2,2018,814
17.629421,24.409295,5,2015,814
13.95,22.45,2,2021,834
13.12,30.55,4,2020,842
17.629421,24.409295,2,2016,874
14.965478,30.784125,8,2018,890
11.007893,29.715408,4,2021,897
13.12,30.55,7,2021,898
11.007893,29.715408,3,2021,906
11.007893,29.715408,2,2021,909
14.965478,30.784125,1,2018,911
13.95,22.45,3,2020,919
13.12,30.55,5,2020,922
11.007893,29.715408,5,2021,934
11.007893,29.715408,1,2021,940
12.45,23.9,10,2021,960
13.95,22.45,1,2021,962
13.01,22.67,12,2021,981
15.75,32.45,9,2017,982
11.007893,29.715408,6,2021,989
17.629421,24.409295,1,2016,995
15.75,32.45,11,2018,1001
12.45,23.9,12,2020,1013
13.12,30.55,6,2020,1017
13.12,30.55,8,2021,1022
14.965478,30.784125,9,2018,1023
12.45,23.9,9,2021,1033
17.878412,30.478965,3,2016,1037
13.95,22.45,2,2020,1052
12.45,23.9,11,2020,1061
11.007893,29.715408,7,2021,1063
14.874563,31.478965,5,2021,1071
14.874563,31.478965,4,2021,1073
12.678901,25.890123,7,2021,1082
13.01,22.67,11,2021,1083
12.678901,25.890123,6,2021,1085
12.678901,25.890123,8,2021,1094
14.874563,31.478965,3,2021,1096
12.678901,25.890123,5,2021,1105
14.874563,31.478965,2,2021,1105
12.45,23.9,8,2021,1118
12.45,23.9,10,2020,1121
12.678901,25.890123,9,2021,1124
12.45,23.9,12,2019,1131
13.12,30.55,7,2020,1136
12.678901,25.890123,4,2021,1139
11.007893,29.715408,8,2021,1158
12.98,24.12,8,2020,1163
14.874563,31.478965,1,2021,1167
12.678901,25.890123,10,2021,1173
13.12,30.55,9,2021,1174
13.95,22.45,1,2020,1184
13.01,22.67,12,2020,1191
12.678901,25.890123,3,2021,1192
12.45,23.9,9,2020,1194
13.01,22.67,10,2021,1199
14.965478,30.784125,10,2018,1199
16.378965,33.124578,2,2017,1202
12.98,24.12,12,2019,1211
12.45,23.9,7,2021,1215
11.007893,29.715408,6,2020,1223
16.378965,33.124578,4,2017,1230
12.98,24.12,11,2019,1231
11.007893,29.715408,4,2020,1238
17.629421,24.409295,4,2015,1248
12.98,24.12,7,2020,1250
12.678901,25.890123,2,2021,1253
12.890123,25.012345,12,2019,1256
11.007893,29.715408,3,2020,1257
15.75,32.45,10,2017,1257
12.98,24.12,10,2019,1268
14.874563,31.478965,4,2020,1276
11.007893,29.715408,9,2021,1277
12.45,23.9,11,2019,1278
14.874563,31.478965,5,2020,1279
12.45,23.9,8,2020,1281
13.12,30.55,8,2020,1283
13.01,22.67,11,2020,1296
14.874563,31.478965,2,2020,1296
12.678901,25.890123,6,2020,1297
14.874563,31.478965,3,2020,1298
12.678901,25.890123,7,2020,1299
14.874563,31.478965,6,2020,1300
11.007893,29.715408,7,2020,1305
12.890123,25.012345,9,2020,1307
12.678901,25.890123,5,2020,1313
12.67,23.45,12,2021,1315
12.678901,25.890123,8,2020,1320
11.007893,29.715408,5,2020,1321
12.98,24.12,9,2019,1323
12.45,23.9,6,2021,1325
12.901234,25.123456,8,2020,1329
16.378965,33.124578,5,2017,1330
13.01,22.67,9,2021,1330
12.678901,25.890123,1,2021,1330
14.874563,31.478965,7,2020,1338
12.890123,25.012345,11,2019,1339
12.345678,25.56789,5,2020,1341
12.901234,25.123456,12,2019,1347
12.678901,25.890123,4,2020,1350
12.456789,24.876543,11,2020,1350
12.98,24.12,6,2020,1352
12.67,23.45,11,2021,1352
13.12,30.55,10,2021,1361
12.678901,25.890123,9,2020,1361
14.874563,31.478965,1,2020,1365
12.901234,25.123456,11,2019,1369
12.345678,25.56789,10,2019,1371
12.345678,25.56789,11,2019,1378
14.784125,30.548963,4,2017,1378
12.45,23.9,7,2020,1381
12.345678,25.56789,9,2019,1388
14.784125,30.548963,5,2017,1391
12.98,24.12,8,2019,1395
14.874563,31.478965,8,2020,1395
16.378965,33.124578,3,2017,1402
15.698745,29.874563,1,2018,1402
12.67,23.45,10,2021,1404
12.901234,25.123456,10,2019,1407
12.345678,25.56789,12,2019,1411
11.007893,29.715408,8,2020,1411
12.901234,25.123456,7,2020,1411
13.01,22.67,10,2020,1417
15.321478,31.874563,4,2018,1418
12.678901,25.890123,3,2020,1421
15.321478,31.874563,2,2018,1421
11.007893,29.715408,10,2021,1423
12.678901,25.890123,10,2020,1424
12.345678,25.56789,8,2019,1427
14.965478,30.784125,11,2018,1431
12.890123,25.012345,8,2020,1435
12.890123,25.012345,10,2019,1438
12.45,23.9,5,2021,1449
14.784125,30.548963,6,2017,1451
12.345678,25.56789,4,2020,1456
12.456789,24.876543,10,2020,1456
12.901234,25.123456,9,2019,1460
13.12,30.55,9,2020,1464
11.0333,27.7333,11,2019,1466
12.67,23.45,9,2021,1469
12.98,24.12,5,2020,1469
14.874563,31.478965,9,2020,1474
13.01,22.67,8,2021,1477
12.98,24.12,7,2019,1483
12.82,33.64,2,2019,1484
14.22403,33.607028,2,2019,1486
12.345678,25.56789,7,2019,1487
12.678901,25.890123,2,2020,1495
12.45,23.9,6,2020,1495
15.321478,31.874563,5,2018,1500
11.0333,27.7333,10,2019,1501
15.321478,31.874563,3,2018,1504
12.901234,25.123456,6,2020,1507
12.678901,25.890123,11,2020,1512
12.67,23.45,12,2020,1516
13.33,33.5,2,2013,1517
12.456789,24.876543,12,2019,1520
14.22403,33.607028,4,2019,1521
12.890123,25.012345,12,2018,1522
17.878412,30.478965,8,2017,1526
12.901234,25.123456,8,2019,1529
15.698745,29.874563,4,2017,1529
17.878412,30.478965,7,2017,1530
16.378965,33.124578,6,2017,1532
14.784125,30.548963,7,2017,1536
11.007893,29.715408,9,2020,1546
17.878412,30.478965,9,2017,1546
12.67,23.45,8,2021,1548
14.784125,30.548963,2,2017,1549
12.67,23.45,11,2020,1551
12.98,24.12,12,2018,1552
11.0333,27.7333,9,2019,1552
13.01,22.67,9,2020,1554
12.890123,25.012345,9,2019,1554
17.878412,30.478965,6,2017,1556
12.890123,25.012345,11,2018,1557
12.82,33.64,3,2019,1558
12.345678,25.56789,3,2020,1560
14.784125,30.548963,3,2017,1561
10.632,30.379,4,2020,1563
12.345678,25.56789,6,2019,1567
14.874563,31.478965,6,2019,1567
15.698745,29.874563,5,2017,1574
12.82,33.64,1,2019,1577
14.874563,31.478965,10,2020,1577
12.456789,24.876543,9,2020,1578
12.890123,25.012345,7,2020,1579
14.874563,31.478965,7,2019,1581
12.45,23.9,4,2021,1586
12.98,24.12,6,2019,1587
13.12,30.55,11,2021,1588
12.901234,25.123456,12,2018,1588
15.698745,29.874563,2,2017,1591
17.878412,30.478965,10,2017,1594
12.901234,25.123456,9,2018,1596
12.901234,25.123456,11,2018,1599
12.67,23.45,10,2020,1601
11.007893,29.715408,11,2021,1601
17.878412,30.478965,5,2017,1602
12.98,24.12,4,2020,1602
12.456789,24.876543,11,2019,1611
12.901234,25.123456,7,2019,1612
13.6333,25.3667,7,2018,1614
14.22403,33.607028,3,2019,1614
10.632,30.379,3,2020,1615
15.698745,29.874563,3,2017,1617
12.901234,25.123456,5,2020,1617
11.0333,27.7333,8,2019,1619
11.7,28.35,11,2019,1621
15.75,32.45,11,2017,1622
12.45,23.9,5,2020,1624
12.678901,25.890123,12,2020,1627
11.7,28.35,10,2019,1629
11.7,28.35,12,2019,1631
17.878412,30.478965,1,2018,1633
14.22403,33.607028,5,2019,1636
13.01,22.67,7,2021,1640
12.67,23.45,7,2021,1640
12.901234,25.123456,10,2018,1643
10.632,30.379,2,2020,1646
12.98,24.12,11,2018,1648
12.890123,25.012345,10,2018,1649
11.7,28.35,9,2019,1655
12.7833,22.2833,12,2018,1662
12.67,23.45,9,2020,1665
12.345678,25.56789,5,2019,1666
15.321478,31.874563,1,2018,1667
15.698745,29.874563,6,2017,1668
17.878412,30.478965,4,2017,1671
17.878412,30.478965,11,2017,1674
14.784125,30.548963,8,2017,1675
14.874563,31.478965,8,2019,1678
13.6333,25.3667,6,2018,1683
10.632,30.379,1,2020,1684
12.345678,25.56789,2,2020,1684
13.12,30.55,10,2020,1687
12.890123,25.012345,8,2019,1688
11.7,28.35,8,2019,1697
11.0333,27.7333,7,2019,1700
11.0333,27.7333,12,2018,1703
10.567,30.467,4,2020,1704
12.7833,22.2833,11,2018,1707
13.01,22.67,8,2020,1708
12.456789,24.876543,12,2018,1708
14.874563,31.478965,11,2020,1708
12.98,24.12,5,2019,1709
12.901234,25.123456,6,2019,1710
14.22403,33.607028,1,2019,1710
11.0333,27.7333,11,2018,1715
12.456789,24.876543,8,2020,1717
11.007893,29.715408,10,2020,1718
14.784125,30.548963,1,2017,1720
12.456789,24.876543,10,2019,1721
16.378965,33.124578,1,2017,1723
12.56789,25.789012,4,2020,1728
12.98,24.12,3,2020,1729
16.896561,23.587136,10,2017,1730
14.965478,30.784125,12,2018,1733
12.234567,25.456789,4,2015,1734
12.45,23.9,3,2021,1738
12.890123,25.012345,6,2020,1739
12.901234,25.123456,4,2020,1742
11.0333,27.7333,10,2018,1745
12.67,23.45,8,2020,1745
12.67,23.45,6,2021,1747
11.7,28.35,7,2019,1755
12.678901,25.890123,1,2020,1759
14.965478,30.784125,9,2017,1760
17.878412,30.478965,3,2017,1765
12.45,23.9,4,2020,1767
13.6333,25.3667,5,2018,1772
14.874563,31.478965,9,2019,1774
12.7833,22.2833,10,2018,1774
12.345678,25.56789,10,2018,1778
12.345678,25.56789,9,2018,1778
16.378965,33.124578,7,2017,1779
12.98,24.12,9,2018,1785
12.345678,25.56789,4,2019,1786
17.878412,30.478965,12,2017,1791
11.0333,27.7333,9,2018,1792
12.345678,25.56789,8,2018,1793
11.0333,27.7333,6,2019,1797
15.698745,29.874563,7,2017,1797
16.378965,33.124578,4,2016,1798
12.345678,25.56789,7,2018,1799
10.567,30.467,3,2020,1802
12.345678,25.56789,11,2018,1806
16.378965,33.124578,2,2016,1813
12.56789,25.789012,3,2020,1815
14.22403,33.607028,6,2019,1815
11.007893,29.715408,12,2021,1818
13.01,22.67,6,2021,1820
16.378965,33.124578,5,2016,1821
12.345678,25.56789,1,2020,1823
12.901234,25.123456,5,2019,1823
15.321478,31.874563,4,2017,1824
11.7,28.35,6,2019,1828
15.698745,29.874563,1,2017,1829
12.56789,25.789012,8,2019,1831
12.890123,25.012345,7,2019,1839
12.67,23.45,7,2020,1840
17.878412,30.478965,2,2017,1842
12.56789,25.789012,7,2019,1842
12.56789,25.789012,9,2019,1843
16.784125,29.365478,2,2016,1845
15.321478,31.874563,2,2017,1847
12.456789,24.876543,9,2019,1848
12.98,24.12,4,2019,1848
16.896561,23.587136,9,2017,1850
10.632,30.379,4,2019,1851
12.82,33.64,4,2018,1852
10.567,30.467,2,2020,1854
13.478965,31.254789,2,2018,1856
11.0333,27.7333,8,2018,1857
12.345678,25.56789,12,2018,1863
12.7833,22.2833,9,2018,1864
13.12,30.55,12,2021,1866
12.67,23.45,5,2021,1868
10.632,30.379,5,2019,1872
14.874563,31.478965,12,2020,1874
12.456789,24.876543,7,2020,1874
12.56789,25.789012,6,2019,1874
12.901234,25.123456,3,2020,1878
12.56789,25.789012,10,2019,1879
13.01,22.67,7,2020,1880
11.0333,27.7333,12,2017,1880
13.6333,25.3667,4,2018,1880
12.98,24.12,2,2020,1886
14.22403,33.607028,2,2018,1893
16.896561,23.587136,12,2016,1897
12.345678,25.56789,3,2019,1898
11.7,28.35,10,2018,1898
11.7,28.35,11,2018,1899
14.874563,31.478965,10,2019,1902
13.6333,25.3667,9,2017,1906
12.45,23.9,2,2021,1907
12.345678,25.56789,6,2018,1907
11.0333,27.7333,5,2019,1909
10.567,30.467,1,2020,1911
12.56789,25.789012,2,2020,1912
15.321478,31.874563,5,2017,1915
10.632,30.379,6,2019,1915
13.6333,22.4333,12,2017,1916
10.632,30.379,3,2019,1916
13.6333,25.3667,10,2017,1917
11.7,28.35,9,2018,1917
11.7,28.35,5,2019,1918
12.890123,25.012345,5,2020,1918
14.22403,33.607028,4,2018,1919
11.7,28.35,12,2018,1921
15.698745,29.874563,4,2016,1922
13.6333,25.3667,8,2017,1923
12.45,23.9,3,2020,1925
12.56789,25.789012,5,2019,1927
11.007893,29.715408,11,2020,1928
17.878412,30.478965,6,2016,1934
14.784125,30.548963,4,2016,1938
11.0333,27.7333,7,2018,1939
14.965478,30.784125,10,2017,1940
12.56789,25.789012,11,2019,1942
18.954785,28.338918,2,2017,1942
12.82,33.64,5,2018,1943
14.784125,30.548963,5,2016,1944
10.632,30.379,2,2019,1944
13.6333,22.4333,11,2017,1945
12.123456,25.987654,6,2017,1947
12.67,23.45,6,2020,1950
12.56789,25.789012,5,2018,1952
12.901234,25.123456,4,2019,1953
12.234567,25.456789,12,2016,1953
11.7,28.35,8,2018,1955
13.6333,25.3667,11,2017,1957
13.12,30.55,11,2020,1961
13.6333,25.3667,7,2017,1965
16.896561,23.587136,11,2016,1974
12.7833,22.2833,8,2018,1975
15.698745,29.874563,8,2017,1977
10.632,30.379,1,2019,1978
12.98,24.12,3,2019,1981
10.632,30.379,7,2019,1983
17.878412,30.478965,7,2016,1987
17.878412,30.478965,1,2017,1989
12.7,28,5,2019,1989
13.478965,31.254789,1,2018,1989
16.896561,23.587136,8,2017,1990
12.7,28,6,2019,1991
14.1833,32.3667,4,2019,1992
13.6333,25.3667,3,2018,1992
12.456789,24.876543,8,2019,1993
12.56789,25.789012,6,2018,1996
15.321478,31.874563,3,2017,1996
14.1833,32.3667,5,2019,1998
12.56789,25.789012,4,2019,1999
17.878412,30.478965,8,2016,1999
13.6333,22.4333,10,2017,2001
12.67,23.45,4,2021,2004
12.890123,25.012345,6,2019,2008
11.7,28.35,7,2018,2010
14.1833,32.3667,2,2019,2010
12.7,28,4,2019,2010
12.234567,25.456789,11,2016,2016
12.7,28,7,2019,2017
12.7833,22.2833,12,2017,2017
13.01,22.67,5,2021,2020
12.56789,25.789012,1,2020,2021
11.7,28.35,4,2019,2023
14.1833,32.3667,3,2019,2026
12.123456,25.987654,5,2017,2026
14.1833,32.3667,6,2019,2028
12.345678,25.56789,2,2019,2029
13.6333,25.3667,6,2017,2030
13.6333,25.3667,12,2017,2032
11.987456,24.567891,12,2015,2034
12.82,33.64,2,2018,2034
17.878412,30.478965,9,2016,2035
12.56789,25.789012,12,2019,2036
11.0333,27.7333,6,2018,2037
11.0333,27.7333,4,2019,2038
12.901234,25.123456,2,2020,2038
11.94,23.05,8,2013,2043
14.784125,30.548963,6,2016,2044
13.6333,25.3667,8,2016,2047
14.22403,33.607028,5,2018,2048
12.456789,24.876543,6,2020,2049
15.698745,29.874563,5,2016,2051
12.7833,22.2833,11,2017,2054
12.98,24.12,1,2020,2056
12.456789,25.678901,12,2019,2063
14.874563,31.478965,11,2019,2066
12.7,28,8,2019,2070
13.01,22.67,6,2020,2070
16.896561,23.587136,10,2016,2073
12.67,23.45,5,2020,2075
18.954785,28.338918,7,2016,2075
12.8,33.62,2,2019,2075
18.954785,28.338918,6,2016,2077
12.56789,25.789012,7,2018,2078
14.1833,32.3667,7,2019,2079
13.6333,22.4333,9,2017,2082
12.7,28,3,2019,2082
10.632,30.379,8,2019,2082
11.7,28.35,6,2018,2083
12.56789,25.789012,3,2019,2090
16.378965,33.124578,6,2016,2092
12.45,23.9,1,2021,2092
12.901234,25.123456,3,2019,2094
14.1833,32.3667,1,2019,2095
18.954785,28.338918,1,2017,2097
15.321478,31.874563,6,2017,2099
12.234567,25.456789,10,2016,2099
18.954785,28.338918,8,2016,2101
10.567,30.467,4,2019,2101
12.45,23.9,2,2020,2102
18.954785,28.338918,5,2016,2103
14.22403,33.607028,3,2018,2103
11.3333,27.8,6,2019,2104
10.567,30.467,5,2019,2107
12.7833,22.2833,7,2018,2108
12.82,33.64,6,2018,2113
15.75,32.45,12,2017,2113
11.3333,27.8,7,2019,2114
16.378965,33.124578,8,2017,2116
12.7833,22.2833,10,2017,2116
12.7167,28.4333,12,2019,2117
12.890123,25.012345,4,2020,2117
13.6333,25.3667,5,2017,2117
11.3333,27.8,5,2019,2119
13.6333,22.4333,6,2018,2120
17.878412,30.478965,10,2016,2120
13.6333,25.3667,2,2018,2121
11.987456,24.567891,11,2015,2125
12.123456,25.987654,4,2017,2126
13.6333,25.3667,9,2016,2129
10.632,30.379,5,2018,2135
10.567,30.467,6,2019,2135
11.7,28.35,3,2019,2137
12.7167,28.4333,11,2019,2138
12.78,33.6,2,2019,2145
12.56789,25.789012,8,2018,2145
12.35,29.25,4,2019,2145
12.98,24.12,2,2019,2149
16.896561,23.587136,7,2017,2149
12.7,28,2,2019,2149
11.3333,27.8,8,2019,2151
15.698745,29.874563,6,2016,2152
11.0333,27.7333,5,2018,2152
12.7,28,9,2019,2152
14.1833,32.3667,8,2019,2154
11.3333,27.8,4,2019,2155
12.35,29.25,5,2019,2155
12.67,23.45,3,2021,2156
18.954785,28.338918,4,2016,2158
12.456789,24.876543,7,2019,2158
14.784125,30.548963,7,2016,2160
18.954785,28.338918,9,2016,2160
14.784125,30.548963,2,2016,2172
11.7,28.35,5,2018,2173
11.0333,27.7333,3,2019,2175
12.456789,25.678901,11,2019,2175
12.345678,25.56789,1,2019,2176
12.7167,28.4333,10,2019,2180
12.78,33.6,3,2019,2184
11.007893,29.715408,12,2020,2185
12.56789,25.789012,9,2018,2186
13.6333,22.4333,8,2017,2187
12.82,33.64,5,2017,2188
10.567,30.467,7,2019,2191
10.632,30.379,6,2018,2191
12.82,33.64,3,2018,2191
12.56789,25.789012,2,2019,2193
12.35,29.25,6,2019,2193
16.896561,23.587136,9,2016,2195
12.890123,25.012345,5,2019,2197
10.567,30.467,5,2018,2198
12.78,33.6,1,2019,2201
12.234567,25.456789,9,2016,2203
12.7833,22.2833,9,2017,2204
12.8,33.62,3,2019,2205
12.82,33.64,1,2018,2206
12.901234,25.123456,1,2020,2206
12.35,29.25,3,2019,2214
10.632,30.379,9,2019,2215
15.698745,29.874563,9,2017,2215
16.784125,29.365478,1,2018,2216
11.3333,27.8,9,2019,2217
12.98,24.12,10,2018,2218
17.878412,30.478965,5,2016,2218
12.67,23.45,4,2020,2219
12.678901,25.890123,11,2019,2222
11.2,27.7,6,2019,2225
13.6333,25.3667,4,2017,2226
12.82,33.64,4,2017,2230
11.2,27.7,7,2019,2233
10.567,30.467,3,2019,2233
18.954785,28.338918,3,2016,2237
12.123456,25.987654,3,2017,2239
11.987456,24.567891,10,2015,2239
13.01,22.67,4,2021,2239
15.698745,29.874563,3,2016,2240
11.2,27.7,5,2019,2240
16.784125,29.365478,6,2017,2242
12.456789,24.876543,5,2020,2243
12.7167,28.4333,9,2019,2243
11.3333,27.8,3,2019,2244
17.878412,30.478965,11,2016,2246
13.478965,31.254789,4,2017,2247
16.784125,29.365478,7,2017,2250
12.56789,25.789012,10,2018,2251
12.7,28,1,2019,2253
12.123456,25.987654,8,2016,2254
18.954785,28.338918,10,2016,2256
16.784125,29.365478,5,2017,2257
12.123456,25.987654,9,2016,2257
14.1833,32.3667,9,2019,2258
12.35,29.25,2,2019,2258
12.35,29.25,7,2019,2259
13.6333,25.3667,1,2018,2261
12.901234,25.123456,2,2019,2262
12.7833,22.2833,6,2018,2262
14.73,33.3,5,2018,2264
11.2,27.7,8,2019,2267
10.632,30.379,7,2018,2267
12.7,28,10,2019,2269
14.874563,31.478965,12,2019,2272
11.7,28.35,2,2019,2274
14.22403,33.607028,6,2018,2277
11.2,27.7,4,2019,2278
13.6333,25.3667,10,2016,2278
11.7,28.35,4,2018,2279
12.123456,25.987654,7,2016,2279
18.954785,28.338918,2,2016,2280
14.73,33.3,4,2018,2281
14.73,33.3,6,2018,2281
13.478965,31.254789,5,2017,2281
12.8,33.62,1,2019,2281
13.01,22.67,5,2020,2281
16.784125,29.365478,8,2017,2284
10.567,30.467,2,2019,2285
11.0333,27.7333,4,2018,2285
10.567,30.467,8,2019,2287
13.6333,22.4333,5,2018,2288
12.45,23.9,1,2020,2290
12.123456,25.987654,10,2016,2291
14.784125,30.548963,3,2016,2292
14.22403,33.607028,1,2018,2292
16.784125,29.365478,4,2017,2298
15.321478,31.874563,1,2017,2299
12.82,33.64,7,2018,2299
13.12,30.55,12,2020,2300
12.890123,25.012345,3,2020,2300
12.67,23.45,1,2022,2301
16.378965,33.124578,3,2016,2303
14.1833,32.3667,2,2018,2303
12.456789,25.678901,10,2019,2308
12.88,24.93,12,2019,2308
11.94,23.05,7,2015,2309
12.56789,25.789012,1,2019,2309
12.234567,25.456789,12,2015,2310
14.1833,32.3667,4,2018,2312
11.3333,27.8,10,2019,2316
12.7833,22.2833,8,2017,2316
11.94,23.05,12,2014,2316
15.698745,29.874563,7,2016,2316
14.73,33.3,7,2018,2317
13.6333,22.4333,7,2017,2317
12.7167,28.4333,8,2019,2327
12.234567,25.456789,8,2016,2327
15.321478,31.874563,7,2017,2327
11.2,27.7,9,2019,2328
16.896561,23.587136,6,2017,2328
14.1833,32.3667,5,2018,2329
11.0333,27.7333,2,2019,2329
11.3333,27.8,2,2019,2329
12.123456,25.987654,6,2016,2330
12.67,23.45,2,2021,2332
16.896561,23.587136,8,2016,2338
10.567,30.467,1,2019,2340
12.456789,24.876543,6,2019,2342
12.98,24.12,1,2019,2344
12.56789,25.789012,11,2018,2344
14.73,33.3,2,2018,2344
11.94,23.05,11,2014,2345
14.1833,32.3667,3,2018,2346
13.6333,25.3667,3,2017,2347
16.784125,29.365478,9,2017,2348
16.973957,29.939331,3,2017,2351
16.784125,29.365478,3,2016,2354
15.689412,32.987654,5,2017,2354
16.973957,29.939331,2,2017,2355
11.2,27.7,3,2019,2357
12.35,29.25,8,2019,2358
10.567,30.467,6,2018,2358
12.35,29.25,1,2019,2358
12.123456,25.987654,11,2016,2359
13.6333,22.4333,12,2016,2360
12.123456,25.987654,2,2017,2362
14.784125,30.548963,8,2016,2364
12.234567,25.456789,11,2015,2366
14.73,33.3,3,2018,2367
16.784125,29.365478,3,2017,2367
13.6333,22.4333,11,2016,2368
15.689412,32.987654,4,2017,2370
12.7,28,6,2018,2372
11.987456,24.567891,9,2015,2374
12.67,23.45,3,2020,2375
14.1833,32.3667,6,2018,2376
12.7,28,5,2018,2377
12.7,28.4333,10,2019,2379
14.73,33.3,8,2018,2383
15.689412,32.987654,6,2017,2383
10.632,30.379,10,2019,2386
12.55,23.75,12,2018,2391
13.478965,31.254789,6,2017,2392
14.1833,32.3667,10,2019,2395
18.954785,28.338918,11,2016,2397
13.6333,22.4333,10,2016,2402
16.784125,29.365478,2,2017,2404
16.378965,33.124578,7,2016,2405
11.987456,24.567891,12,2014,2406
12.123456,25.987654,5,2016,2406
11.94,23.05,10,2014,2407
12.890123,25.012345,4,2019,2408
12.7,28,7,2018,2409
14.741927,25.574201,9,2016,2410
11.55,27.6,8,2019,2410
15.689412,32.987654,2,2017,2410
14.741927,25.574201,8,2016,2412
16.478965,29.874521,5,2017,2413
14.1833,32.3667,1,2018,2414
11.55,27.6,7,2019,2417
12.7,28,4,2018,2417
10.567,30.467,9,2019,2420
11.2,27.7,10,2019,2420
12.88,24.93,11,2019,2423
17.878412,30.478965,12,2016,2423
11.3333,27.8,1,2019,2424
12.7,28,11,2019,2424
11.0333,27.7333,3,2018,2425
12.7167,28.4333,7,2019,2430
15.689412,32.987654,7,2017,2431
11.7,28.35,1,2019,2433
13.6333,25.3667,11,2016,2433
11.55,27.6,9,2019,2433
13.6333,22.4333,8,2016,2436
12.901234,25.123456,1,2019,2437
12.7833,22.2833,5,2018,2438
12.456789,25.678901,12,2018,2441
12.876543,24.123456,8,2016,2442
13.6333,22.4333,9,2016,2442
11.2,27.7,2,2019,2443
16.478965,29.874521,4,2017,2444
12.234567,25.456789,10,2015,2446
16.784125,29.365478,10,2017,2446
14.1833,32.3667,7,2018,2447
12.78,33.6,2,2018,2448
12.7,28.4333,9,2019,2449
14.741927,25.574201,10,2016,2449
11.7,28.35,3,2018,2450
12.7833,22.2833,7,2017,2451
12.35,29.25,2,2018,2451
11.3333,27.8,11,2019,2451
14.741927,25.574201,7,2016,2451
13.01,22.67,3,2021,2454
11.55,27.6,6,2019,2454
14.73,33.3,1,2018,2459
12.456789,24.876543,4,2020,2459
12.456789,25.678901,9,2019,2462
12.123456,25.987654,12,2016,2467
10.9333,30.45,11,2019,2468
14.741927,25.574201,2,2017,2469
15.689412,32.987654,3,2017,2469
11.48,26.14,11,2015,2470
13.6333,22.4333,6,2017,2471
12.234567,25.456789,7,2016,2471
12.56789,25.789012,12,2018,2472
10.9333,30.45,10,2019,2473
13.01,22.67,4,2020,2476
13.6333,22.4333,4,2018,2477
12.123456,25.987654,7,2015,2478
11.94,23.05,6,2015,2480
13.6333,25.3667,2,2017,2481
12.82,33.64,6,2017,2481
12.76,33.58,3,2019,2481
14.73,33.3,9,2018,2481
10.9333,30.45,12,2019,2483
12.7,28,8,2018,2484
15.452389,32.748512,2,2017,2488
18.954785,28.338918,1,2016,2488
12.78,33.6,4,2018,2489
11.7,28.35,2,2018,2489
11.55,27.6,10,2019,2490
14.965478,30.784125,11,2017,2490
12.35,29.25,9,2019,2493
12.7667,31.1333,6,2018,2494
10.632,30.379,8,2018,2494
11.987456,24.567891,11,2014,2495
10.9333,30.45,9,2019,2497
12.76,33.58,2,2019,2498
11.94,23.05,9,2014,2499
12.123456,25.987654,1,2017,2504
16.896561,23.587136,7,2016,2504
12.123456,25.987654,4,2016,2506
12.7667,31.1333,5,2018,2506
11.3333,27.8,6,2018,2506
12.35,29.25,4,2018,2508
16.478965,29.874521,3,2017,2510
11.3333,27.8,5,2018,2512
15.689412,32.987654,8,2017,2513
12.78,33.6,1,2018,2513
13.478965,31.254789,2,2017,2514
12.67,23.45,1,2021,2514
11.55,27.6,5,2019,2516
12.78,33.6,3,2018,2520
18.954785,28.338918,5,2015,2522
13.478965,31.254789,7,2017,2522
11.0333,28.4667,7,2019,2523
16.478965,29.874521,2,2017,2524
11.0333,27.7333,1,2019,2526
16.973957,29.939331,1,2017,2527
15.698745,29.874563,10,2017,2527
14.741927,25.574201,6,2016,2528
12.78,33.6,5,2018,2528
16.896561,23.587136,5,2017,2529
11.3333,27.8,7,2018,2530
11.987456,24.567891,8,2015,2531
14.784125,30.548963,1,2016,2531
11.0333,28.4667,6,2019,2533
12.35,29.25,5,2018,2535
14.741927,25.574201,11,2016,2537
12.7667,31.1333,4,2018,2540
10.9333,30.45,8,2019,2540
12.7,28.4333,8,2019,2540
11.48,26.14,10,2015,2540
11.2,27.7,1,2019,2540
12.7167,28.4333,12,2018,2543
11.0333,28.4667,8,2019,2546
12.8,33.62,4,2018,2547
11.2,27.7,11,2019,2547
14.1833,32.3667,8,2018,2548
12.456789,24.876543,5,2019,2548
18.954785,28.338918,6,2015,2549
12.234567,25.456789,9,2015,2550
18.954785,28.338918,3,2015,2550
14.22403,33.607028,7,2018,2552
12.7167,28.4333,11,2018,2552
12.7167,28.4333,6,2019,2553
11.3333,27.8,4,2018,2554
12.456789,25.678901,11,2018,2555
12.890123,25.012345,2,2020,2556
12.88,24.93,10,2019,2556
12.67,23.45,2,2020,2561
12.35,29.25,3,2018,2563
15.689412,32.987654,1,2017,2564
16.784125,29.365478,1,2017,2564
15.698745,29.874563,8,2016,2565
12.8,33.62,4,2017,2569
11.0333,28.4667,5,2019,2570
13.6333,25.3667,12,2016,2571
12.55,23.75,11,2018,2574
12.8,33.62,2,2018,2579
18.954785,28.338918,7,2015,2583
12.76,33.58,1,2019,2583
11.55,27.6,11,2019,2584
16.784125,29.365478,11,2017,2585
12.7167,28.4333,10,2018,2586
12.82,33.64,8,2018,2587
11.3333,27.8,8,2018,2588
14.22403,33.607028,7,2017,2591
18.954785,28.338918,12,2016,2594
10.567,30.467,7,2018,2596
12.7,28,9,2018,2596
12.678901,25.890123,12,2019,2598
13.478965,31.254789,3,2017,2598
12.876543,24.123456,7,2016,2598
10.567,30.467,10,2019,2598
12.35,29.25,6,2018,2600
12.78,33.6,6,2018,2600
12.890123,25.012345,3,2019,2600
10.9333,30.45,7,2019,2601
11.0333,28.4667,9,2019,2602
11.55,27.6,4,2019,2602
10.632,30.379,11,2019,2605
12.7667,31.1333,3,2018,2606
12.88,24.93,12,2018,2607
11.987456,24.567891,10,2014,2607
10.9333,30.45,4,2020,2609
11.2,27.7,6,2018,2609
15.452389,32.748512,4,2017,2616
14.73,33.3,10,2018,2617
18.954785,28.338918,4,2015,2618
11.94,23.05,8,2014,2620
12.7,28,3,2018,2622
11.2,27.7,7,2018,2623
12.7833,22.2833,6,2017,2625
13.6333,25.3667,1,2017,2626
11.7,28.35,1,2018,2630
12.123456,25.987654,3,2016,2631
11.0333,28.4667,4,2019,2631
11.2,27.7,5,2018,2633
14.741927,25.574201,5,2016,2634
11.48,26.14,9,2015,2634
12.7833,22.2833,4,2018,2634
14.741927,25.574201,1,2017,2636
12.234567,25.456789,6,2016,2637
12.456789,25.678901,8,2019,2638
11.0333,27.7333,2,2018,2639
15.321478,31.874563,8,2017,2641
18.954785,28.338918,8,2015,2642
12.7167,28.4333,9,2018,2644
14.965478,30.784125,12,2017,2648
13.6333,22.4333,5,2017,2648
14.784125,30.548963,9,2016,2651
12.7,28.4333,7,2019,2653
15.452389,32.748512,3,2017,2654
13.6333,22.4333,3,2018,2655
12.35,29.25,1,2018,2656
12.7667,31.1333,2,2018,2657
12.456789,24.876543,3,2020,2659
15.452389,32.748512,5,2017,2661
14.73,33.3,2,2017,2662
16.784125,29.365478,6,2016,2663
16.874563,29.365478,8,2016,2664
12.7833,22.2833,2,2019,2666
10.632,30.379,9,2018,2667
16.874563,29.365478,9,2016,2668
13.567891,26.345678,8,2017,2670
12.35,29.25,10,2019,2672
12.234567,25.456789,8,2015,2672
16.784125,29.365478,5,2016,2673
11.94,23.05,5,2015,2673
11.2,27.7,8,2018,2674
11.2,27.7,4,2018,2676
10.9333,30.45,6,2019,2679
15.321478,31.874563,6,2016,2681
14.741927,25.574201,12,2016,2681
15.452389,32.748512,1,2017,2682
11.3333,27.8,9,2018,2683
17.878412,30.478965,4,2016,2683
14.1833,32.3667,9,2018,2684
13.567891,26.345678,9,2017,2684
12.698745,30.874563,8,2019,2686
11.3333,27.8,3,2018,2689
16.874563,29.365478,7,2016,2691
16.478965,29.874521,1,2017,2691
12.456789,25.678901,10,2018,2692
12.8,33.62,5,2018,2692
16.896561,23.587136,6,2016,2692
13.567891,26.345678,7,2017,2693
12.35,29.25,7,2018,2693
16.973957,29.939331,5,2016,2693
11.0333,28.4667,10,2019,2696
12.78,33.6,7,2018,2696
12.7167,28.4333,5,2019,2697
16.784125,29.365478,7,2016,2705
16.874563,29.365478,10,2016,2706
12.88,24.93,9,2019,2708
11.987456,24.567891,7,2015,2710
16.874563,29.365478,2,2017,2711
16.973957,29.939331,4,2016,2711
11.2,27.7,12,2019,2716
16.973957,29.939331,6,2016,2718
12.88,24.93,11,2018,2722
15.75,32.45,12,2016,2723
16.973957,29.939331,2,2016,2724
14.73,33.3,5,2017,2724
12.7167,28.4333,8,2018,2726
12.123456,25.987654,8,2015,2727
12.698745,30.874563,7,2019,2730
13.695056,30.098321,2,2017,2734
14.73,33.3,4,2017,2734
13.6333,22.4333,7,2016,2736
10.9333,30.45,3,2020,2738
13.01,22.67,2,2021,2738
11.55,27.6,3,2019,2739
13.478965,31.254789,8,2017,2744
11.987456,24.567891,9,2014,2745
18.954785,28.338918,9,2015,2746
16.874563,29.365478,6,2016,2746
16.896561,23.587136,4,2017,2750
13.478965,31.254789,1,2017,2751
11.48,26.14,8,2015,2751
12.7833,22.2833,5,2017,2751
12.7,28,10,2018,2752
13.01,22.67,1,2022,2752
13.567891,26.345678,6,2017,2753
12.7667,31.1333,1,2018,2757
11.0333,27.7333,1,2018,2758
12.7,28.4333,12,2018,2758
15.452389,32.748512,6,2017,2759
11.2,27.7,9,2018,2760
12.123456,25.987654,2,2016,2762
11.3333,27.8,2,2018,2763
12.789012,25.901234,5,2018,2763
13.546721,30.125389,4,2017,2767
16.784125,29.365478,8,2016,2767
14.73,33.3,6,2017,2769
16.973957,29.939331,7,2016,2771
11.94,23.05,7,2014,2771
16.784125,29.365478,12,2017,2772
12.7,28.4333,11,2018,2772
11.0333,28.4667,3,2019,2772
14.741927,25.574201,4,2016,2773
16.973957,29.939331,3,2016,2775
10.9333,30.45,5,2019,2775
12.876543,24.123456,6,2016,2777
12.456789,24.876543,4,2019,2778
12.55,23.75,10,2018,2782
16.874563,29.365478,11,2016,2784
12.7,28.4333,6,2019,2785
12.698745,30.874563,6,2019,2794
14.73,33.3,11,2018,2797
13.01,22.67,3,2020,2797
14.125487,30.784596,5,2017,2797
10.9333,30.45,10,2018,2800
10.567,30.467,8,2018,2801
12.8,33.62,3,2018,2802
14.125487,30.784596,6,2017,2803
12.76,33.58,5,2018,2803
10.9333,30.45,11,2018,2805
12.55,23.75,12,2017,2809
16.784125,29.365478,4,2016,2811
12.123456,25.987654,9,2015,2811
14.73,33.3,1,2017,2811
12.7,28.4333,10,2018,2812
12.76,33.58,4,2018,2818
10.9333,30.45,9,2018,2818
11.3333,27.8,10,2018,2818
14.73,33.3,3,2017,2818
14.125487,30.784596,4,2017,2820
12.7833,22.2833,3,2018,2821
12.76,33.58,6,2018,2821
12.234567,25.456789,7,2015,2824
12.234567,25.456789,5,2016,2824
16.874563,29.365478,5,2016,2827
12.78,33.6,8,2018,2827
12.35,29.25,8,2018,2827
13.546721,30.125389,5,2017,2828
13.551155,27.754439,3,2017,2829
12.7167,28.4333,7,2018,2830
10.567,30.467,11,2019,2830
14.73,33.3,7,2017,2830
13.45,25.67,8,2016,2832
11.0333,28.4667,11,2019,2832
10.9333,30.45,12,2018,2832
12.123456,25.987654,10,2015,2833
14.125487,30.784596,7,2017,2833
13.6333,22.4333,2,2018,2835
12.456789,25.678901,7,2019,2836
12.890123,25.012345,1,2020,2836
13.567891,26.345678,5,2017,2843
13.6333,22.4333,4,2017,2847
12.456789,25.678901,9,2018,2853
16.478965,29.874521,5,2016,2854
12.78,33.6,5,2017,2854
12.7833,22.2833,1,2019,2855
10.9333,30.45,8,2018,2856
15.452389,32.748512,2,2016,2857
12.123456,25.345678,9,2017,2858
11.55,27.6,2,2019,2858
12.76,33.58,7,2018,2859
15.689412,32.987654,2,2016,2859
12.88,24.93,10,2018,2859
16.973957,29.939331,8,2016,2859
16.378965,33.124578,8,2016,2860
12.123456,25.345678,8,2017,2860
14.1833,32.3667,10,2018,2861
12.75,24.1333,6,2018,2862
12.7167,28.4333,4,2019,2863
15.698745,29.874563,2,2016,2863
11.48,26.14,12,2014,2865
16.784125,29.365478,9,2016,2866
12.890123,25.012345,2,2019,2873
16.478965,29.874521,6,2016,2873
12.698745,30.874563,5,2019,2875
16.478965,29.874521,4,2016,2876
11.0333,28.4667,2,2019,2877
12.7,28.4333,9,2018,2878
15.689412,32.987654,5,2016,2878
12.88,24.93,8,2019,2879
12.7667,31.1333,5,2017,2880
10.632,30.379,12,2019,2880
12.7667,31.1333,6,2017,2881
11.2,27.7,10,2018,2884
16.874563,29.365478,1,2017,2885
15.452389,32.748512,7,2017,2886
15.689412,32.987654,4,2016,2888
14.125487,30.784596,3,2017,2888
12.123456,25.345678,10,2017,2888
10.9333,30.45,4,2019,2889
11.48,26.14,7,2015,2890
12.123456,25.345678,7,2017,2893
14.125487,30.784596,8,2017,2894
10.9333,30.45,2,2020,2894
11.94,23.05,4,2015,2894
10.632,30.379,10,2018,2895
15.698745,29.874563,9,2016,2895
13.546721,30.125389,2,2017,2900
11.48,26.14,11,2014,2900
12.76,33.58,2,2018,2901
18.954785,28.338918,10,2015,2901
12.35,29.25,11,2019,2902
14.125487,30.784596,2,2017,2902
13.551155,27.754439,2,2017,2902
16.896561,23.587136,5,2016,2904
12.7667,31.1333,7,2017,2905
12.7667,31.1333,4,2017,2906
12.789012,25.901234,4,2018,2907
11.987456,24.567891,8,2014,2907
16.478965,29.874521,2,2016,2907
16.874563,29.365478,12,2016,2908
12.123456,25.987654,1,2016,2909
11.987456,24.567891,6,2015,2913
12.76,33.58,3,2018,2917
12.78,33.6,4,2017,2918
11.94,23.05,10,2013,2919
10.9333,30.45,7,2018,2920
16.478965,29.874521,7,2016,2920
14.22403,33.607028,8,2018,2924
14.73,33.3,8,2017,2929
12.76,33.58,8,2018,2929
13.546721,30.125389,3,2017,2933
12.234567,25.456789,6,2015,2934
12.456789,24.876543,2,2020,2935
16.874563,29.365478,4,2016,2938
15.698745,29.874563,11,2017,2940
11.94,23.05,11,2013,2940
12.7,28.4333,5,2019,2940
15.689412,32.987654,6,2016,2941
11.94,23.05,12,2013,2943
12.8,33.62,6,2018,2944
16.478965,29.874521,3,2016,2945
11.94,23.05,6,2014,2951
12.7167,28.4333,6,2018,2952
12.123456,25.345678,6,2017,2955
12.123456,25.345678,11,2017,2956
13.546721,30.125389,6,2017,2956
12.7667,31.1333,8,2017,2958
12.7,28,11,2018,2959
12.123456,25.987654,11,2015,2961
12.876543,24.123456,11,2015,2961
16.973957,29.939331,1,2016,2962
11.48,26.14,10,2014,2963
14.741927,25.574201,3,2016,2964
13.567891,26.345678,4,2017,2964
13.45,25.67,7,2016,2964
12.82,33.64,9,2018,2965
12.7,28.4333,8,2018,2967
12.876543,24.123456,12,2015,2971
11.2,27.7,3,2018,2973
12.8,33.62,1,2018,2974
12.698745,30.874563,4,2019,2975
12.82,33.64,7,2017,2976
12.7667,31.1333,3,2017,2976
12.75,24.1333,11,2017,2981
11.55,27.6,7,2018,2982
12.876543,24.123456,5,2016,2985
12.456789,24.876543,3,2019,2986
12.75,24.1333,12,2017,2988
13.01,22.67,2,2020,2989
12.76,33.58,1,2018,2989
11.0333,28.4667,1,2019,2990
16.896561,23.587136,3,2017,2991
16.973957,29.939331,9,2016,2991
11.55,27.6,1,2019,2992
10.9333,30.45,6,2018,2993
12.78,33.6,9,2018,2997
12.7,28,2,2018,2997
12.7833,22.2833,2,2018,2998
11.55,27.6,8,2018,2998
12.876543,24.123456,10,2015,2999
12.55,23.75,11,2017,3002
11.3333,27.8,11,2018,3002
11.55,27.6,6,2018,3003
16.478965,29.874521,8,2016,3004
12.35,29.25,9,2018,3008
10.567,30.467,9,2018,3009
12.7667,31.1333,2,2017,3009
12.7,28.4333,11,2017,3010
12.7167,28.4333,3,2019,3011
16.784125,29.365478,10,2016,3011
13.6333,22.4333,1,2018,3013
12.55,23.75,9,2018,3015
13.695056,30.098321,1,2017,3015
12.75,24.1333,10,2017,3016
12.88,24.93,9,2018,3018
15.689412,32.987654,7,2016,3021
10.9333,30.45,3,2019,3021
15.689412,32.987654,3,2016,3023
16.973957,29.939331,5,2015,3026
12.698745,30.874563,9,2018,3026
14.125487,30.784596,1,2017,3033
12.698745,30.874563,10,2018,3033
12.76,33.58,9,2018,3033
12.234567,25.456789,4,2016,3034
13.6333,22.4333,3,2017,3034
12.456789,25.678901,8,2018,3037
14.784125,30.548963,10,2016,3038
11.464,31.1,4,2018,3040
12.698745,30.874563,8,2018,3042
12.7667,31.1333,9,2017,3043
12.123456,25.345678,5,2017,3044
14.741927,25.574201,4,2015,3045
12.7,28.4333,12,2017,3045
13.478965,31.254789,9,2017,3047
13.01,22.67,1,2021,3047
12.78,33.6,6,2017,3049
11.55,27.6,9,2018,3051
12.75,24.1333,5,2018,3052
11.48,26.14,9,2014,3052
11.55,27.6,5,2018,3053
11.2,27.7,11,2018,3053
11.48,26.14,6,2015,3053
12.456789,25.678901,6,2019,3056
15.452389,32.748512,8,2017,3057
15.321478,31.874563,9,2017,3058
12.789012,25.901234,3,2018,3061
14.741927,25.574201,3,2015,3061
12.7833,22.2833,4,2017,3063
12.698745,30.874563,11,2018,3065
17.62787,23.737268,3,2013,3066
14.73,33.3,9,2017,3070
12.88,24.93,7,2019,3071
10.9333,30.45,1,2020,3075
16.874563,29.365478,3,2016,3077
15.689412,32.987654,1,2016,3079
12.7,28.4333,7,2018,3080
12.698745,30.874563,7,2018,3081
12.876543,24.123456,9,2015,3081
13.551155,27.754439,1,2017,3083
11.94,23.05,3,2015,3086
12.75,24.1333,9,2017,3088
14.1833,32.3667,11,2018,3088
12.698745,30.874563,3,2019,3093
11.987456,24.567891,7,2014,3094
15.452389,32.748512,4,2016,3099
12.76,33.58,4,2017,3102
13.456789,25.234567,6,2016,3103
10.9333,30.45,5,2018,3104
12.7167,28.4333,5,2018,3105
11.55,27.6,4,2018,3111
12.7667,31.1333,1,2017,3115
11.3333,27.8,1,2018,3116
12.7,28.4333,4,2019,3117
11.464,31.1,5,2018,3121
13.45,25.67,6,2016,3121
18.954785,28.338918,11,2015,3122
12.123456,25.987654,12,2015,3123
14.741927,25.574201,2,2016,3123
12.698745,30.874563,12,2018,3125
10.567,30.467,12,2019,3128
13.546721,30.125389,7,2017,3129
16.478965,29.874521,9,2016,3130
16.478965,29.874521,1,2016,3133
11.0333,28.4667,7,2018,3135
12.75,24.1333,8,2016,3137
16.896561,23.587136,4,2016,3140
12.698745,30.874563,6,2018,3140
11.987456,24.567891,5,2015,3141
12.789012,25.901234,9,2017,3145
15.689412,32.987654,8,2016,3146
11.55,27.6,10,2018,3146
13.567891,26.345678,3,2017,3149
15.452389,32.748512,1,2016,3150
11.94,23.05,5,2014,3154
12.789012,25.901234,8,2017,3156
12.345678,25.678912,12,2017,3157
11.0333,28.4667,6,2018,3158
15.452389,32.748512,3,2016,3159
15.452389,32.748512,5,2016,3159
12.123456,25.345678,4,2017,3160
12.7667,31.1333,10,2017,3164
12.78,33.6,7,2017,3165
11.48,26.14,8,2014,3168
12.8,33.62,5,2017,3172
16.973957,29.939331,10,2016,3175
14.741927,25.574201,7,2015,3175
13.456789,25.234567,5,2016,3175
12.890123,25.012345,1,2019,3176
12.76,33.58,10,2018,3176
11.0333,28.4667,8,2018,3176
12.789012,25.901234,10,2017,3177
11.464,31.1,2,2018,3178
16.896561,23.587136,12,2015,3179
11.464,31.1,3,2018,3182
10.9333,30.45,2,2019,3183
14.741927,25.574201,5,2015,3183
10.632,30.379,11,2018,3185
12.234567,25.456789,5,2015,3185
14.741927,25.574201,6,2015,3186
12.76,33.58,6,2017,3189
13.546721,30.125389,1,2017,3195
12.7833,22.2833,1,2018,3196
12.75,24.1333,8,2017,3196
11.87,22.89,12,2017,3197
16.896561,23.587136,11,2015,3200
13.45,25.67,11,2015,3201
16.874563,29.365478,2,2016,3203
11.0333,28.4667,5,2018,3204
14.741927,25.574201,8,2015,3205
12.876543,24.123456,8,2015,3205
12.789012,25.901234,7,2017,3205
13.45,25.67,12,2015,3205
11.55,27.6,1,2018,3206
11.2,27.7,1,2018,3206
12.88,24.93,5,2020,3207
16.784125,29.365478,11,2016,3210
12.78,33.6,10,2018,3212
12.7,28.4333,6,2018,3216
12.698745,30.874563,5,2018,3220
11.2,27.7,2,2018,3220
13.695056,30.098321,4,2016,3221
12.55,23.75,10,2017,3222
12.789012,25.901234,2,2018,3223
13.6333,22.4333,2,2017,3225
12.88,24.93,8,2018,3226
12.7,28,12,2018,3229
12.876543,24.123456,4,2016,3231
13.45,25.67,10,2015,3234
12.7167,28.4333,2,2019,3237
11.48,26.14,5,2015,3240
12.698745,30.874563,2,2019,3243
12.8,33.62,7,2018,3244
11.3333,27.8,12,2018,3244
11.94,23.05,9,2013,3245
12.35,29.25,10,2018,3245
16.874563,29.365478,3,2015,3245
13.551155,27.754439,5,2016,3246
11.55,27.6,3,2018,3247
12.456789,25.678901,7,2018,3247
11.464,31.1,6,2018,3250
13.551155,27.754439,4,2016,3253
14.125487,30.784596,5,2016,3254
15.321478,31.874563,7,2016,3254
12.456789,24.876543,1,2020,3255
12.789012,25.901234,11,2017,3257
12.234567,25.456789,3,2016,3258
14.73,33.3,10,2017,3260
11.464,31.1,2,2017,3263
11.0333,28.4667,9,2018,3264
14.125487,30.784596,4,2016,3265
14.741927,25.574201,9,2015,3265
16.874563,29.365478,5,2015,3268
12.75,24.1333,4,2018,3271
12.7,28.4333,3,2019,3273
10.567,30.467,10,2018,3274
11.2,27.7,12,2018,3275
11.94,23.05,2,2015,3276
12.55,23.75,8,2018,3276
12.7167,28.4333,4,2018,3277
12.456789,24.876543,2,2019,3278
11.87,22.89,11,2017,3278
13.456789,25.234567,4,2016,3279
14.125487,30.784596,6,2016,3280
14.22403,33.607028,8,2017,3281
12.345678,25.678912,11,2017,3283
12.88,24.93,6,2019,3283
13.695056,30.098321,5,2016,3285
17.62787,23.737268,2,2013,3289
11.55,27.6,11,2018,3291
13.551155,27.754439,6,2016,3291
12.789012,25.901234,6,2017,3292
12.76,33.58,5,2017,3296
13.567891,26.345678,2,2017,3297
12.123456,25.345678,3,2017,3300
13.45,25.67,9,2015,3301
15.452389,32.748512,6,2016,3303
12.456789,25.678901,5,2019,3303
16.478965,29.874521,10,2016,3306
11.987456,24.567891,6,2014,3306
13.45,25.67,5,2016,3306
11.48,26.14,7,2014,3310
14.125487,30.784596,2,2016,3310
13.874521,31.254789,4,2016,3313
13.874521,31.254789,5,2016,3316
11.464,31.1,1,2018,3317
12.698745,30.874563,4,2018,3320
12.7167,28.4333,3,2018,3323
15.689412,32.987654,9,2016,3325
13.874521,31.254789,2,2016,3325
16.896561,23.587136,2,2017,3326
12.7667,31.1333,11,2017,3327
11.55,27.6,2,2018,3328
12.8,33.62,6,2017,3329
14.741927,25.574201,1,2016,3329
12.78,33.6,8,2017,3332
16.874563,29.365478,8,2015,3333
16.874563,29.365478,6,2015,3335
14.125487,30.784596,7,2016,3336
11.0333,28.4667,4,2018,3338
15.698745,29.874563,10,2016,3338
14.125487,30.784596,3,2016,3340
12.75,24.1333,7,2017,3340
12.7,28,1,2018,3342
13.12,23.78,12,2019,3344
16.973957,29.939331,6,2015,3345
16.874563,29.365478,7,2015,3349
15.321478,31.874563,8,2016,3352
13.546721,30.125389,4,2016,3358
13.874521,31.254789,6,2016,3360
12.76,33.58,11,2018,3365
12.789012,25.901234,7,2016,3367
12.876543,24.123456,7,2015,3372
10.9333,30.45,1,2019,3372
13.546721,30.125389,8,2017,3375
14.1833,32.3667,12,2018,3376
16.874563,29.365478,9,2015,3377
12.7,28.4333,5,2018,3377
14.741927,25.574201,10,2015,3378
13.551155,27.754439,7,2016,3381
12.82,33.64,8,2017,3381
13.874521,31.254789,3,2016,3384
11.94,23.05,4,2014,3389
12.876543,24.123456,3,2016,3389
12.789012,25.901234,12,2017,3392
11.987456,24.567891,4,2015,3394
16.896561,23.587136,3,2016,3397
11.87,22.89,10,2017,3398
12.698745,30.874563,10,2017,3399
13.45,25.67,8,2015,3401
12.76,33.58,7,2017,3402
11.0333,28.4667,10,2018,3402
12.789012,25.901234,1,2018,3404
12.123456,25.345678,8,2016,3405
16.973957,29.939331,7,2015,3407
12.698745,30.874563,1,2019,3408
13.551155,27.754439,4,2015,3408
12.789012,25.901234,5,2017,3411
14.22403,33.607028,9,2018,3412
13.6333,22.4333,1,2017,3412
16.874563,29.365478,1,2016,3412
12.75,24.1333,9,2016,3418
13.551155,27.754439,3,2016,3420
16.973957,29.939331,11,2016,3422
13.695056,30.098321,2,2016,3422
12.123456,25.345678,7,2016,3423
11.464,31.1,7,2018,3426
12.123456,25.345678,9,2016,3426
18.954785,28.338918,12,2015,3426
14.125487,30.784596,8,2016,3429
13.456789,25.234567,3,2016,3429
12.75,24.1333,3,2018,3433
12.345678,25.678912,10,2017,3436
12.698745,30.874563,9,2017,3439
12.698745,30.874563,3,2018,3440
13.546721,30.125389,5,2016,3448
13.478965,31.254789,10,2017,3449
12.123456,25.345678,2,2017,3451
12.88,24.93,4,2020,3451
11.48,26.14,4,2015,3451
12.234567,25.456789,1,2017,3454
13.695056,30.098321,6,2016,3456
13.12,23.78,11,2019,3458
12.82,33.64,10,2018,3459
13.546721,30.125389,2,2016,3462
16.874563,29.365478,10,2015,3466
12.88,24.93,7,2018,3466
11.464,31.1,1,2017,3466
14.125487,30.784596,1,2016,3468
12.55,23.75,9,2017,3471
16.784125,29.365478,12,2016,3477
11.48,26.14,6,2014,3477
12.7167,28.4333,1,2019,3479
13.874521,31.254789,1,2016,3479
12.123456,25.345678,6,2016,3479
15.452389,32.748512,7,2016,3480
13.567891,26.345678,7,2016,3482
12.456789,25.678901,6,2018,3483
12.78,33.6,11,2018,3483
13.567891,26.345678,8,2016,3485
12.7667,31.1333,8,2016,3486
13.567891,26.345678,1,2017,3486
12.123456,25.345678,10,2016,3489
13.551155,27.754439,2,2016,3492
16.478965,29.874521,7,2015,3492
15.698745,29.874563,12,2017,3493
11.55,27.6,12,2018,3495
12.75,24.1333,7,2016,3496
16.378965,33.124578,9,2016,3504
12.234567,25.456789,2,2016,3508
14.73,33.3,11,2017,3510
16.973957,29.939331,8,2015,3512
12.75,24.1333,6,2017,3513
12.7667,31.1333,7,2016,3515
12.7,28.4333,2,2019,3516
12.88,24.93,5,2019,3516
13.695056,30.098321,3,2016,3519
13.45,25.67,4,2016,3519
12.76,33.58,8,2017,3520
16.896561,23.587136,1,2017,3524
13.12,23.78,8,2020,3525
13.551155,27.754439,8,2016,3528
13.45,25.67,7,2015,3533
11.987456,24.567891,5,2014,3539
11.464,31.1,4,2017,3540
12.7667,31.1333,12,2017,3540
13.567891,26.345678,6,2016,3540
13.567891,26.345678,9,2016,3541
16.478965,29.874521,11,2016,3544
10.632,30.379,12,2018,3547
11.94,23.05,1,2015,3550
12.35,29.25,11,2018,3551
12.698745,30.874563,11,2017,3554
12.78,33.6,9,2017,3555
11.87,22.89,9,2017,3557
12.7,28.4333,4,2018,3560
11.987456,24.567891,2,2016,3561
12.789012,25.901234,4,2017,3561
14.741927,25.574201,11,2015,3561
16.378965,33.124578,1,2016,3561
14.125487,30.784596,9,2016,3564
13.546721,30.125389,3,2016,3565
15.689412,32.987654,10,2016,3565
12.123456,25.345678,5,2016,3565
12.55,23.75,7,2018,3567
12.99,32.58,2,2013,3572
14.784125,30.548963,11,2016,3574
12.876543,24.123456,6,2015,3574
12.456789,25.678901,4,2019,3580
13.456789,25.234567,2,2016,3583
12.456789,24.876543,1,2019,3584
12.698745,30.874563,2,2018,3592
11.94,23.05,3,2014,3592
13.12,23.78,10,2019,3598
12.123456,25.345678,11,2016,3599
11.0333,28.4667,11,2018,3600
13.478965,31.254789,4,2016,3601
10.567,30.467,11,2018,3603
16.874563,29.365478,11,2015,3605
12.76,33.58,12,2018,3609
12.698745,30.874563,12,2017,3611
15.321478,31.874563,10,2017,3612
12.123456,25.345678,1,2017,3616
12.345678,25.678912,9,2017,3617
11.464,31.1,3,2017,3619
17.62787,23.737268,9,2012,3621
14.1833,32.3667,11,2017,3622
17.62787,23.737268,1,2013,3622
12.876543,24.123456,2,2016,3624
13.567891,26.345678,5,2016,3626
12.7833,22.2833,3,2017,3629
16.478965,29.874521,8,2015,3630
12.789012,25.901234,8,2016,3631
13.546721,30.125389,6,2016,3633
12.7667,31.1333,9,2016,3639
13.478965,31.254789,7,2016,3640
12.75,24.1333,2,2018,3642
12.7167,28.4333,2,2018,3649
12.75,24.1333,10,2016,3655
13.567891,26.345678,10,2016,3656
12.8,33.62,8,2018,3657
12.76,33.58,9,2017,3660
17.62787,23.737268,8,2012,3664
17.62787,23.737268,10,2012,3668
11.464,31.1,8,2018,3669
11.464,31.1,5,2017,3669
16.874563,29.365478,4,2015,3669
11.987456,24.567891,3,2015,3669
12.88,24.93,6,2018,3671
11.48,26.14,5,2014,3672
11.48,26.14,3,2015,3675
13.55,33.4,2,2012,3678
13.695056,30.098321,7,2016,3682
13.45,25.67,6,2015,3693
13.45,25.67,3,2016,3699
12.123456,25.345678,4,2016,3700
13.546721,30.125389,9,2017,3701
12.75,24.1333,11,2016,3706
13.456789,25.234567,7,2015,3710
15.452389,32.748512,8,2016,3714
12.75,24.1333,5,2017,3716
16.973957,29.939331,9,2015,3716
12.7,28.4333,3,2018,3719
12.947362,29.87531,8,2017,3719
13.12,23.78,7,2020,3731
13.456789,25.234567,6,2015,3731
13.456789,25.234567,8,2015,3735
16.896561,23.587136,2,2016,3735
12.789012,25.901234,6,2016,3735
13.551155,27.754439,9,2016,3739
12.345678,25.678912,12,2016,3747
12.456789,25.678901,5,2018,3747
14.125487,30.784596,10,2016,3749
12.55,23.75,8,2017,3750
16.973957,29.939331,12,2016,3751
11.87,22.89,8,2017,3753
12.789012,25.901234,3,2017,3757
13.551155,27.754439,1,2016,3758
12.88,24.93,3,2020,3761
13.567891,26.345678,4,2016,3762
12.698745,30.874563,1,2018,3763
13.12,23.78,9,2019,3763
12.7667,31.1333,10,2016,3764
12.123456,25.345678,12,2016,3765
12.234567,25.456789,3,2015,3765
13.551155,27.754439,6,2015,3772
12.88,24.93,4,2019,3773
11.987456,24.567891,4,2014,3773
13.456789,25.234567,1,2016,3773
12.947362,29.87531,7,2017,3776
12.7,28.4333,1,2019,3778
11.0333,28.4667,3,2018,3779
13.456789,25.234567,5,2015,3794
14.2,32.37,5,2016,3795
11.94,23.05,2,2014,3797
16.973957,29.939331,4,2015,3797
13.874521,31.254789,2,2015,3799
13.456789,25.234567,9,2015,3809
13.546721,30.125389,1,2016,3809
13.478965,31.254789,6,2016,3809
16.874563,29.365478,12,2015,3812
12.456789,25.678901,3,2019,3812
12.876543,24.123456,5,2015,3814
14.587364,22.66106,12,2015,3817
12.234567,25.456789,1,2016,3824
12.78,33.6,12,2018,3825
13.12,23.78,12,2018,3825
14.2,32.37,4,2016,3825
12.345678,25.678912,8,2017,3828
14.741927,25.574201,12,2015,3833
12.78,33.6,10,2017,3834
14.2,32.37,6,2016,3836
14.73,33.3,12,2017,3836
11.55,27.6,12,2017,3838
12.75,24.1333,12,2016,3839
13.567891,26.345678,11,2016,3843
12.784125,30.478965,4,2016,3846
17.62787,23.737268,11,2012,3852
16.478965,29.874521,12,2016,3861
12.947362,29.87531,6,2017,3861
11.987456,24.567891,3,2014,3861
13.874521,31.254789,4,2015,3862
12.76,33.58,10,2017,3866
16.478965,29.874521,9,2015,3867
11.0333,28.4667,12,2018,3870
17.62787,23.737268,7,2012,3871
11.464,31.1,6,2017,3871
12.345678,25.678912,11,2016,3871
12.75,24.1333,1,2018,3872
11.0333,28.4667,2,2018,3873
14.2,32.37,2,2016,3875
13.546721,30.125389,7,2016,3876
16.478965,29.874521,6,2015,3879
13.874521,31.254789,5,2015,3882
13.45,25.67,9,2014,3882
13.551155,27.754439,5,2015,3883
15.689412,32.987654,11,2016,3883
13.45,25.67,5,2015,3886
12.7167,28.4333,1,2018,3887
12.55,23.75,6,2018,3888
11.48,26.14,4,2014,3892
14.2,32.37,7,2016,3892
13.456789,25.234567,4,2015,3898
12.789012,25.901234,9,2016,3904
12.876543,24.123456,1,2016,3906
11.48,26.14,2,2015,3920
12.784125,30.478965,5,2016,3922
12.789012,25.901234,2,2017,3929
12.123456,25.345678,3,2016,3931
12.8,33.62,7,2017,3931
11.987456,24.567891,1,2016,3936
13.456789,25.234567,10,2015,3940
15.698745,29.874563,11,2016,3943
12.82,33.64,9,2017,3945
12.35,29.25,12,2018,3947
13.12,23.78,11,2018,3949
12.123456,25.345678,2,2016,3950
13.874521,31.254789,3,2015,3950
12.75,24.1333,4,2017,3951
13.12,23.78,8,2019,3953
11.987456,24.567891,2,2015,3953
13.874521,31.254789,6,2015,3962
13.12,23.78,6,2020,3963
13.45,25.67,2,2016,3968
12.947362,29.87531,5,2017,3975
13.695056,30.098321,1,2016,3978
12.7,28.4333,2,2018,3981
12.7667,31.1333,11,2016,3983
11.464,31.1,9,2018,3983
11.87,22.89,7,2017,3988
16.973957,29.939331,10,2015,3989
12.012345,25.234567,2,2016,3991
13.478965,31.254789,11,2017,3994
14.125487,30.784596,11,2016,3995
14.2,32.37,3,2016,4000
13.478965,31.254789,8,2016,4001
13.874521,31.254789,1,2015,4008
13.695056,30.098321,8,2016,4012
12.789012,25.901234,10,2016,4014
13.12,23.78,10,2018,4021
14.22403,33.607028,9,2017,4022
10.567,30.467,12,2018,4023
15.452389,32.748512,9,2016,4024
13.551155,27.754439,10,2016,4027
12.345678,25.678912,10,2016,4028
15.321478,31.874563,9,2016,4029
16.896561,23.587136,1,2016,4044
14.1833,32.3667,12,2017,4045
12.456789,25.678901,4,2018,4046
12.012345,25.234567,7,2015,4047
12.012345,25.234567,8,2015,4047
13.12,23.78,9,2018,4048
12.55,23.75,7,2017,4055
14.365478,30.784125,4,2016,4057
14.22403,33.607028,10,2018,4057
13.45,22.45,11,2019,4058
14.2,32.37,1,2016,4067
14.587364,22.66106,11,2015,4068
12.345678,25.678912,7,2017,4068
13.874521,31.254789,7,2015,4076
11.94,23.05,1,2014,4083
13.456789,25.234567,3,2015,4085
12.478965,32.214789,2,2013,4088
12.012345,25.234567,6,2015,4090
12.012345,25.234567,9,2015,4094
13.551155,27.754439,7,2015,4103
12.88,24.93,3,2019,4104
13.567891,26.345678,3,2016,4110
13.45,25.67,4,2015,4112
12.876543,24.123456,4,2015,4116
11.464,31.1,7,2017,4116
12.947362,29.87531,4,2017,4117
13.567891,26.345678,12,2016,4118
16.478965,29.874521,10,2015,4120
11.87,22.89,12,2016,4121
12.88,24.93,2,2020,4122
12.82,33.64,11,2018,4123
12.784125,30.478965,6,2016,4124
12.789012,25.901234,1,2017,4125
12.76,33.58,11,2017,4126
12.784125,30.478965,2,2016,4128
12.75,24.1333,3,2017,4131
13.456789,25.234567,11,2015,4139
13.45,25.67,12,2014,4140
12.35,29.25,12,2017,4146
12.7,28.4333,1,2018,4149
11.48,26.14,3,2014,4152
14.125487,30.784596,9,2015,4165
13.12,23.78,7,2019,4171
12.456789,25.678901,2,2019,4172
12.012345,25.234567,1,2016,4175
12.012345,25.234567,5,2015,4175
11.87,22.89,11,2016,4184
15.689412,32.987654,9,2015,4186
12.78,33.6,11,2017,4189
12.012345,25.234567,10,2015,4195
12.8,33.62,9,2018,4198
13.45,22.45,10,2019,4203
12.345678,25.678912,9,2016,4216
17.62787,23.737268,6,2012,4218
13.567891,26.345678,2,2016,4218
17.62787,23.737268,12,2012,4220
13.12,23.78,5,2020,4222
13.546721,30.125389,8,2016,4224
14.365478,30.784125,3,2016,4225
12.789012,25.901234,11,2016,4234
13.874521,31.254789,8,2015,4242
12.55,23.75,5,2018,4243
11.87,22.89,6,2017,4252
13.45,25.67,1,2016,4256
14.365478,30.784125,2,2016,4257
13.456789,25.234567,2,2015,4257
11.48,26.14,1,2015,4261
12.784125,30.478965,3,2016,4263
12.7667,31.1333,12,2016,4270
12.947362,29.87531,3,2017,4275
12.012345,25.234567,4,2015,4297
11.87,22.89,10,2016,4297
13.789012,25.432109,12,2015,4302
15.689412,32.987654,12,2016,4304
13.45,25.67,3,2015,4309
14.125487,30.784596,12,2016,4317
14.784125,30.548963,12,2016,4325
14.73,33.3,12,2016,4328
12.345678,25.678912,6,2017,4337
13.478965,31.254789,9,2016,4349
12.75,24.1333,2,2017,4349
16.973957,29.939331,11,2015,4354
12.012345,25.234567,11,2015,4357
14.587364,22.66106,10,2015,4357
11.987456,24.567891,1,2015,4357
11.48,26.14,2,2014,4359
13.55,33.4,2,2013,4363
13.551155,27.754439,8,2015,4366
12.456789,25.678901,3,2018,4367
13.456789,25.234567,7,2014,4367
15.321478,31.874563,11,2017,4372
13.45,22.45,9,2019,4376
12.876543,24.123456,3,2015,4383
11.464,31.1,10,2018,4389
15.689412,32.987654,10,2015,4394
12.55,23.75,6,2017,4408
13.789012,25.432109,11,2015,4410
13.45,25.67,11,2014,4414
13.551155,27.754439,11,2016,4416
13.12,23.78,6,2019,4417
16.378965,33.124578,10,2016,4419
12.947362,29.87531,9,2016,4420
12.947362,29.87531,8,2016,4421
13.456789,25.234567,12,2015,4424
15.452389,32.748512,10,2016,4425
13.478965,31.254789,5,2016,4436
12.345678,25.678912,8,2016,4442
13.45,22.45,12,2018,4443
11.464,31.1,8,2017,4449
17.62787,23.737268,5,2012,4458
11.87,22.89,9,2016,4458
13.695056,30.098321,9,2016,4459
12.76,33.58,12,2017,4459
12.947362,29.87531,7,2016,4460
12.947362,29.87531,10,2016,4461
12.947362,29.87531,2,2017,4462
13.874521,31.254789,9,2015,4469
14.365478,30.784125,1,2016,4470
16.478965,29.874521,11,2015,4470
13.456789,25.234567,8,2014,4474
13.567891,26.345678,1,2016,4477
12.012345,25.234567,3,2015,4489
12.589745,30.147896,8,2016,4489
12.88,24.93,2,2019,4490
12.88,24.93,1,2020,4494
14.125487,30.784596,10,2015,4496
13.456789,25.234567,1,2015,4501
12.589745,30.147896,9,2016,4501
12.789012,25.901234,12,2016,4509
13.12,23.78,4,2020,4509
13.874521,31.254789,7,2014,4511
12.589745,30.147896,7,2016,4516
14.2,32.37,2,2015,4521
12.947362,29.87531,6,2016,4536
11.87,22.89,5,2017,4543
12.8,33.62,8,2017,4545
12.947362,29.87531,11,2016,4547
13.695056,30.098321,6,2015,4548
12.589745,30.147896,10,2016,4556
13.45,22.45,11,2018,4557
13.789012,25.432109,10,2015,4557
14.784125,30.548963,10,2015,4560
14.784125,30.548963,9,2015,4561
14.2,32.37,5,2015,4561
13.456789,25.234567,9,2014,4576
17.878412,30.478965,2,2016,4577
13.45,22.45,8,2019,4578
12.589745,30.147896,6,2016,4581
12.75,24.1333,1,2017,4588
14.2,32.37,4,2015,4588
12.012345,25.234567,12,2015,4593
12.012345,25.234567,4,2014,4597
13.695056,30.098321,5,2015,4604
12.456789,25.678901,1,2019,4609
13.45,25.67,2,2015,4613
14.587364,22.66106,12,2014,4637
12.78,33.6,12,2017,4640
12.345678,25.678912,5,2017,4641
12.947362,29.87531,5,2016,4642
12.55,23.75,4,2018,4643
12.55,23.75,5,2017,4655
11.87,22.89,8,2016,4655
12.589745,30.147896,11,2016,4658
14.2,32.37,6,2015,4663
11.3333,27.8,12,2017,4670
12.589745,30.147896,5,2016,4675
14.587364,22.66106,9,2015,4686
12.947362,29.87531,12,2016,4688
12.012345,25.234567,2,2015,4688
12.947362,29.87531,1,2017,4691
13.12,23.78,5,2019,4692
13.546721,30.125389,9,2016,4693
13.551155,27.754439,9,2015,4695
12.876543,24.123456,2,2015,4701
13.45,22.45,10,2018,4702
12.345678,25.678912,7,2016,4703
12.82,33.64,10,2017,4719
12.123456,25.345678,1,2016,4733
12.456789,25.678901,2,2018,4734
13.789012,25.432109,9,2015,4741
14.365478,30.784125,6,2015,4743
13.478965,31.254789,12,2017,4744
14.365478,30.784125,5,2015,4744
11.48,26.14,1,2014,4747
13.695056,30.098321,3,2015,4753
14.365478,30.784125,7,2015,4759
12.784125,30.478965,1,2016,4762
14.2,32.37,7,2015,4764
15.789456,33.147852,2,2013,4769
13.874521,31.254789,10,2015,4771
12.012345,25.234567,3,2014,4774
12.012345,25.234567,5,2014,4776
14.2,32.37,1,2015,4782
12.947362,29.87531,4,2016,4784
15.698745,29.874563,12,2016,4792
12.589745,30.147896,4,2016,4807
11.0333,28.4667,1,2018,4808
13.45,22.45,7,2019,4810
13.567891,26.345678,10,2015,4813
12.012345,25.234567,6,2014,4814
13.45,25.67,10,2014,4815
12.589745,30.147896,12,2016,4816
13.12,23.78,3,2020,4826
14.365478,30.784125,8,2015,4827
14.365478,30.784125,4,2015,4831
10.924614,30.125607,3,2017,4835
12.012345,25.234567,7,2014,4840
16.973957,29.939331,12,2015,4848
14.2,32.37,3,2015,4858
10.924614,30.125607,9,2016,4869
13.45,22.45,9,2018,4880
11.87,22.89,4,2017,4883
10.924614,30.125607,10,2016,4883
11.464,31.1,9,2017,4884
13.5,22.45,7,2011,4886
15.321478,31.874563,10,2016,4888
12.88,24.93,1,2019,4890
14.125487,30.784596,11,2015,4890
13.695056,30.098321,7,2015,4895
10.924614,30.125607,8,2016,4896
14.587364,22.66106,11,2014,4896
12.012345,25.234567,1,2015,4901
11.87,22.89,7,2016,4911
12.8,33.62,10,2018,4914
12.012345,25.234567,8,2014,4914
11.464,31.1,11,2018,4916
12.55,23.75,2,2019,4920
15.689412,32.987654,11,2015,4922
13.478965,31.254789,10,2016,4927
14.2,32.37,8,2015,4932
13.45,25.67,1,2015,4937
12.947362,29.87531,10,2015,4939
10.924614,30.125607,11,2016,4941
13.551155,27.754439,12,2016,4941
14.22403,33.607028,11,2018,4943
16.478965,29.874521,12,2015,4944
13.456789,25.234567,10,2014,4950
15.452389,32.748512,11,2016,4951
12.784125,30.478965,5,2015,4952
14.365478,30.784125,9,2015,4955
12.345678,25.678912,6,2016,4957
10.924614,30.125607,7,2016,4959
13.789012,25.432109,8,2015,4964
14.365478,30.784125,2,2015,4964
12.55,23.75,4,2017,4965
12.947362,29.87531,3,2016,4966
12.784125,30.478965,4,2015,4966
12.55,23.75,3,2018,4974
12.345678,25.678912,4,2017,4987
12.589745,30.147896,3,2016,4990
13.12,23.78,4,2019,4997
16.378965,33.124578,9,2015,5027
12.012345,25.234567,9,2014,5034
13.874521,31.254789,8,2014,5036
12.947362,29.87531,9,2015,5040
12.82,33.64,12,2018,5042
12.89,23.45,12,2014,5047
10.924614,30.125607,12,2016,5048
10.924614,30.125607,2,2017,5050
12.876543,24.123456,12,2014,5052
14.587364,22.66106,8,2015,5056
10.924614,30.125607,6,2016,5059
13.695056,30.098321,10,2016,5061
14.365478,30.784125,3,2015,5062
13.45,22.45,6,2019,5071
14.784125,30.548963,11,2015,5071
12.345678,25.678912,2,2018,5075
14.123456,27.987654,12,2012,5076
11.87,22.89,3,2017,5085
13.45,22.45,8,2018,5089
12.56789,26.789012,2,2016,5095
11.67,22.34,7,2016,5107
14.587364,22.66106,6,2016,5115
14.365478,30.784125,5,2014,5119
12.947362,29.87531,2,2016,5122
12.589745,30.147896,2,2016,5135
14.365478,30.784125,10,2015,5148
14.22403,33.607028,10,2017,5149
13.551155,27.754439,10,2015,5155
13.874521,31.254789,11,2015,5168
11.87,22.89,6,2016,5170
14.2,32.37,9,2015,5181
12.876543,24.123456,11,2014,5181
10.924614,30.125607,5,2016,5191
14.587364,22.66106,10,2014,5195
13.45,22.45,12,2017,5220
12.012345,25.234567,10,2014,5223
13.789012,25.432109,7,2015,5225
13.546721,30.125389,10,2015,5227
12.876543,24.123456,1,2015,5227
14.365478,30.784125,1,2015,5238
13.12,23.78,2,2020,5246
12.784125,30.478965,6,2015,5246
12.345678,25.678912,3,2017,5250
13.874521,31.254789,9,2014,5253
13.695056,30.098321,8,2015,5267
11.67,22.34,9,2014,5283
17.62787,23.737268,4,2012,5288
13.789012,25.432109,12,2014,5288
13.456789,25.234567,11,2014,5298
12.8,33.62,9,2017,5305
12.456789,25.678901,1,2018,5309
12.89,23.45,11,2014,5311
10.924614,30.125607,1,2017,5325
13.546721,30.125389,10,2016,5327
13.45,22.45,7,2018,5334
13.12,23.78,3,2019,5337
12.947362,29.87531,11,2015,5342
11.87,22.89,2,2017,5346
12.589745,30.147896,3,2015,5348
11.67,22.34,12,2015,5352
12.947362,29.87531,1,2016,5359
10.924614,30.125607,4,2016,5360
14.125487,30.784596,12,2015,5360
12.589745,30.147896,1,2016,5361
12.56789,26.789012,1,2016,5361
13.45,22.45,5,2019,5372
12.589745,30.147896,7,2015,5375
13.789012,25.432109,11,2014,5375
12.589745,30.147896,8,2015,5381
12.589745,30.147896,6,2015,5390
12.345678,25.678912,3,2016,5395
11.87,22.89,5,2016,5397
12.784125,30.478965,2,2015,5401
14.365478,30.784125,11,2015,5421
12.589745,30.147896,9,2015,5431
15.452389,32.748512,10,2015,5431
11.67,22.34,6,2016,5450
11.67,22.34,11,2015,5451
11.464,31.1,10,2017,5453
12.99,32.58,2,2012,5453
14.521478,30.487965,2,2013,5459
15.321478,31.874563,12,2017,5460
13.567891,26.345678,11,2015,5468
14.587364,22.66106,7,2015,5472
12.55,23.75,2,2018,5481
14.587364,22.66106,9,2014,5486
12.012345,25.234567,11,2014,5500
13.789012,25.432109,10,2014,5510
14.2,32.37,10,2015,5514
11.87,22.89,2,2016,5515
13.789012,25.432109,6,2015,5521
14.365478,30.784125,7,2014,5524
12.589745,30.147896,5,2015,5542
12.589745,30.147896,10,2015,5542
10.924614,30.125607,3,2016,5551
12.55,23.75,1,2019,5554
14.521478,30.487965,1,2014,5557
15.789456,33.147852,2,2012,5559
10.924614,30.125607,5,2015,5571
12.345678,25.678912,5,2016,5575
12.784125,30.478965,7,2015,5587
14.587364,22.66106,5,2016,5587
14.2,32.37,8,2014,5595
12.345678,25.678912,1,2018,5608
13.45,22.45,6,2018,5609
11.67,22.34,10,2015,5618
12.89,23.45,10,2014,5619
12.589745,30.147896,4,2015,5620
13.12,23.78,1,2020,5621
12.784125,30.478965,7,2014,5629
10.924614,30.125607,6,2015,5631
15.452389,32.748512,12,2016,5650
11.87,22.89,3,2016,5656
12.55,23.75,3,2017,5681
12.345678,25.678912,4,2016,5686
13.874521,31.254789,12,2015,5689
14.587364,22.66106,8,2014,5690
13.789012,25.432109,9,2014,5692
15.689412,32.987654,12,2015,5703
11.87,22.89,1,2017,5705
12.345678,25.678912,2,2017,5710
13.45,22.45,4,2019,5714
12.589745,30.147896,11,2015,5717
15.452389,32.748512,9,2015,5723
10.924614,30.125607,8,2015,5744
12.947362,29.87531,12,2015,5758
10.924614,30.125607,2,2016,5761
12.56789,26.789012,7,2015,5769
13.551155,27.754439,11,2015,5770
10.924614,30.125607,9,2015,5772
12.82,33.64,11,2017,5776
14.365478,30.784125,6,2014,5777
13.12,23.78,2,2019,5794
14.365478,30.784125,12,2015,5794
13.456789,25.234567,12,2014,5799
10.924614,30.125607,7,2015,5807
16.378965,33.124578,11,2016,5809
12.345678,24.876543,2,2014,5812
13.695056,30.098321,4,2015,5813
11.67,22.34,5,2016,5819
13.478965,31.254789,11,2016,5831
10.924614,30.125607,10,2015,5839
11.67,22.34,9,2015,5847
12.56789,26.789012,6,2015,5858
12.56789,26.789012,8,2015,5866
13.874521,31.254789,10,2014,5866
13.789012,25.432109,5,2015,5869
12.012345,25.234567,12,2014,5891
13.695056,30.098321,11,2016,5892
12.8,33.62,11,2018,5895
12.784125,30.478965,3,2015,5900
13.789012,25.432109,8,2014,5906
11.87,22.89,4,2016,5908
14.521478,30.487965,3,2013,5910
13.695056,30.098321,9,2015,5910
14.365478,30.784125,8,2014,5921
14.587364,22.66106,6,2015,5932
13.45,22.45,5,2018,5937
12.56789,26.789012,5,2015,5938
12.876543,24.123456,9,2014,5940
10.924614,30.125607,11,2015,5952
14.2,32.37,11,2015,5961
12.589745,30.147896,12,2015,5968
11.67,22.34,8,2014,5973
12.89,23.45,9,2014,5975
11.48,26.14,12,2013,5989
10.924614,30.125607,4,2015,5997
14.521478,30.487965,4,2013,6000
13.55,33.4,1,2013,6021
10.924614,30.125607,1,2016,6033
12.31,23.47,12,2013,6063
12.56789,26.789012,9,2015,6070
15.321478,31.874563,11,2016,6077
11.67,22.34,10,2014,6078
14.521478,30.487965,5,2013,6098
14.587364,22.66106,4,2016,6100
12.345678,24.876543,1,2014,6107
10.924614,30.125607,12,2015,6132
11.67,22.34,8,2015,6133
12.89,23.45,12,2013,6137
12.56789,26.789012,4,2015,6139
12.784125,30.478965,8,2015,6160
13.45,22.45,3,2019,6167
13.789012,25.432109,7,2014,6178
14.2,32.37,9,2014,6185
13.5,22.45,12,2012,6186
12.55,23.75,1,2018,6189
13.12,23.78,1,2019,6196
13.546721,30.125389,11,2016,6204
11.464,31.1,11,2017,6212
14.22403,33.607028,12,2018,6218
12.345678,24.876543,7,2013,6222
13.55,33.4,5,2013,6222
14.365478,30.784125,9,2014,6226
13.789012,25.432109,2,2016,6228
13.55,33.4,4,2013,6250
12.345678,24.876543,6,2013,6251
13.789012,25.432109,4,2015,6253
11.67,22.34,4,2016,6254
17.62787,23.737268,2,2012,6280
13.45,22.45,4,2018,6287
12.345678,24.876543,8,2013,6289
12.345678,25.678912,1,2017,6299
14.521478,30.487965,6,2013,6323
12.31,23.47,11,2013,6351
14.123456,27.987654,9,2014,6358
12.123456,25.345678,12,2015,6362
12.345678,24.876543,5,2013,6368
12.89,23.45,8,2014,6379
14.587364,22.66106,7,2014,6381
12.8,33.62,10,2017,6381
14.123456,27.987654,8,2014,6386
12.56789,26.789012,10,2015,6402
11.67,22.34,11,2014,6405
12.89,23.45,11,2013,6412
12.345678,24.876543,9,2013,6452
14.587364,22.66106,5,2015,6456
14.123456,27.987654,7,2014,6471
17.62787,23.737268,4,2011,6474
13.874521,31.254789,11,2014,6478
11.67,22.34,7,2015,6480
11.67,22.34,3,2016,6487
13.789012,25.432109,5,2014,6489
14.587364,22.66106,3,2016,6501
12.589745,30.147896,2,2015,6503
13.789012,25.432109,6,2014,6505
14.365478,30.784125,10,2014,6525
13.789012,25.432109,3,2015,6531
13.5,22.45,11,2012,6543
12.589745,30.147896,1,2015,6552
12.876543,24.123456,10,2014,6553
13.45,22.45,2,2019,6555
14.2,32.37,12,2015,6560
12.345678,24.876543,4,2013,6560
13.567891,26.345678,12,2015,6566
14.22403,33.607028,11,2017,6569
12.784125,30.478965,8,2014,6584
15.789456,33.147852,5,2013,6598
11.464,31.1,12,2016,6601
14.123456,27.987654,6,2014,6609
13.478965,31.254789,3,2016,6611
11.67,22.34,12,2014,6613
13.551155,27.754439,12,2015,6629
14.521478,30.487965,7,2013,6638
13.55,33.4,3,2013,6650
15.452389,32.748512,11,2015,6651
17.62787,23.737268,3,2012,6668
14.2,32.37,10,2014,6690
12.31,23.47,10,2013,6691
14.521478,30.487965,3,2012,6708
12.345678,24.876543,10,2013,6731
12.89,23.45,10,2013,6740
13.789012,25.432109,1,2016,6748
13.45,22.45,3,2018,6760
11.67,22.34,2,2016,6783
14.123456,27.987654,5,2014,6787
13.55,33.4,6,2013,6807
13.55,33.4,1,2012,6815
13.546721,30.125389,11,2015,6825
13.45,22.45,1,2019,6825
12.89,23.45,7,2014,6835
11.67,22.34,6,2015,6859
13.695056,30.098321,10,2015,6865
12.56789,26.789012,11,2015,6920
14.521478,30.487965,1,2013,6935
14.784125,30.548963,12,2015,6938
12.56789,26.789012,4,2014,6940
17.62787,23.737268,7,2011,6946
13.45,22.45,2,2018,6951
13.5,22.45,10,2012,6959
12.784125,30.478965,9,2015,6989
14.365478,30.784125,11,2014,6997
14.587364,22.66106,4,2015,7019
14.123456,27.987654,4,2014,7032
12.345678,24.876543,3,2013,7051
13.789012,25.432109,4,2014,7054
14.521478,30.487965,8,2013,7067
13.695056,30.098321,12,2016,7083
12.31,23.47,9,2013,7085
17.62787,23.737268,6,2011,7097
12.89,23.45,9,2013,7123
12.56789,26.789012,3,2015,7142
13.789012,25.432109,2,2015,7150
14.521478,30.487965,4,2012,7151
12.56789,26.789012,2,2015,7154
12.345678,24.876543,11,2013,7158
13.478965,31.254789,12,2016,7163
12.784125,30.478965,1,2015,7176
11.67,22.34,1,2016,7246
12.32,23.6,2,2013,7253
11.464,31.1,12,2017,7253
11.67,22.34,5,2015,7259
12.7,28,12,2017,7262
13.874521,31.254789,12,2014,7266
12.8,33.62,12,2018,7306
12.99,32.58,1,2013,7312
14.123456,27.987654,3,2014,7336
12.89,23.45,6,2014,7338
12.82,33.64,12,2017,7358
13.55,33.4,7,2013,7364
14.587364,22.66106,2,2016,7364
12.15,24.95,9,2013,7365
13.5,22.45,9,2011,7388
13.5,22.45,9,2012,7434
14.587364,22.66106,3,2015,7438
14.521478,30.487965,5,2012,7443
12.31,23.47,12,2012,7450
12.345678,24.876543,2,2013,7456
13.45,22.45,1,2018,7456
13.546721,30.125389,12,2016,7469
12.31,23.47,8,2013,7534
13.55,33.4,5,2012,7550
14.123456,27.987654,2,2014,7559
12.89,23.45,8,2013,7561
15.452389,32.748512,12,2015,7587
11.46,26.13,7,2013,7588
11.46,26.13,8,2013,7604
13.33,33.5,1,2013,7617
14.365478,30.784125,12,2014,7625
14.521478,30.487965,9,2013,7653
12.56789,26.789012,1,2015,7681
11.46,26.13,6,2013,7681
12.56789,26.789012,3,2014,7681
12.56789,26.789012,12,2015,7683
13.789012,25.432109,3,2014,7692
12.15,24.95,8,2013,7699
12.56789,26.789012,6,2014,7700
14.2,32.37,11,2014,7708
11.46,26.13,9,2013,7709
13.55,33.4,3,2012,7717
13.789012,25.432109,1,2015,7722
11.67,22.34,4,2015,7729
12.31,23.47,11,2012,7743
14.521478,30.487965,6,2012,7770
11.87,22.89,1,2016,7773
12.345678,24.876543,12,2013,7785
13.5,22.45,6,2013,7786
13.5,22.45,12,2011,7801
13.55,33.4,4,2012,7817
11.46,26.13,5,2013,7843
12.56789,26.789012,7,2014,7867
15.789456,33.147852,4,2013,7869
14.521478,30.487965,2,2012,7878
12.89,23.45,5,2014,7902
12.99,32.58,5,2013,7906
11.46,26.13,10,2013,7927
12.8,33.62,11,2017,7935
13.5,22.45,11,2011,7936
11.67,22.34,3,2015,7939
17.62787,23.737268,8,2011,7941
14.123456,27.987654,8,2013,7949
16.378965,33.124578,10,2015,7958
14.123456,27.987654,7,2013,7959
13.5,22.45,8,2012,7971
14.123456,27.987654,1,2014,7982
12.345678,24.876543,1,2013,7989
14.123456,27.987654,9,2013,7995
15.321478,31.874563,12,2016,8004
14.123456,27.987654,6,2013,8040
11.46,26.13,4,2013,8040
12.31,23.47,7,2013,8042
12.89,23.45,7,2013,8055
17.62787,23.737268,9,2011,8073
13.55,33.4,8,2013,8075
12.15,24.95,7,2013,8092
12.31,23.47,10,2012,8099
14.587364,22.66106,1,2016,8113
14.123456,27.987654,10,2013,8141
15.789456,33.147852,6,2013,8142
16.378965,33.124578,12,2016,8159
12.784125,30.478965,10,2015,8177
11.67,22.34,2,2015,8194
14.521478,30.487965,7,2012,8279
13.695056,30.098321,11,2015,8282
11.46,26.13,11,2013,8283
14.123456,27.987654,5,2013,8296
12.56789,26.789012,5,2014,8310
14.123456,27.987654,3,2013,8311
12.15,24.95,12,2012,8343
14.123456,27.987654,4,2013,8351
12.784125,30.478965,9,2014,8370
14.123456,27.987654,11,2013,8397
12.56789,26.789012,8,2014,8411
17.62787,23.737268,1,2012,8426
14.587364,22.66106,2,2015,8437
14.521478,30.487965,10,2013,8454
13.5,22.45,5,2013,8458
12.478965,32.214789,3,2013,8469
12.15,24.95,11,2012,8473
13.55,33.4,6,2012,8479
12.31,23.47,9,2012,8514
12.15,24.95,6,2013,8530
11.0333,28.4667,12,2017,8553
12.89,23.45,4,2014,8561
13.5,22.45,7,2012,8577
12.478965,32.214789,5,2013,8586
12.89,23.45,6,2013,8587
11.67,22.34,1,2015,8589
12.31,23.47,6,2013,8605
11.46,26.13,3,2013,8652
12.15,24.95,10,2012,8676
13.5,22.45,10,2011,8708
14.2,32.37,12,2014,8756
14.22403,33.607028,12,2017,8762
13.546721,30.125389,12,2015,8771
14.123456,27.987654,12,2013,8789
13.363172,25.767323,4,2013,8796
12.478965,32.214789,1,2014,8805
12.99,32.58,1,2012,8818
12.56789,26.789012,9,2014,8877
11.46,26.13,2,2013,8921
12.15,24.95,9,2012,8949
17.62787,23.737268,10,2011,8951
12.89,23.45,3,2014,8969
14.521478,30.487965,8,2012,8985
12.32,23.6,3,2013,8990
12.31,23.47,8,2012,8998
12.345678,24.876543,8,2012,9015
12.15,24.95,5,2013,9028
12.345678,24.876543,7,2012,9057
13.55,33.4,9,2013,9100
12.478965,32.214789,4,2013,9118
13.33,33.5,5,2013,9167
14.123456,27.987654,1,2013,9171
11.46,26.13,1,2013,9204
12.7,22.2,11,2014,9218
12.31,23.47,5,2013,9219
13.5,22.45,6,2012,9231
12.7,22.2,12,2014,9234
12.89,23.45,5,2013,9245
13.5,22.45,4,2013,9251
14.123456,27.987654,11,2012,9253
12.345678,24.876543,9,2012,9266
14.123456,27.987654,10,2012,9269
12.345678,24.876543,6,2012,9273
14.587364,22.66106,1,2015,9279
12.15,24.95,8,2012,9287
12.7,22.2,10,2014,9309
13.363172,25.767323,5,2013,9319
12.99,32.58,4,2013,9341
13.55,33.4,7,2012,9456
15.789456,33.147852,5,2012,9476
12.7,22.2,9,2014,9496
15.789456,33.147852,3,2013,9497
12.31,23.47,7,2012,9503
13.33,33.5,4,2013,9551
14.521478,30.487965,11,2013,9576
13.33,33.5,3,2013,9607
14.123456,27.987654,2,2013,9613
13.5,22.45,3,2013,9634
12.15,24.95,4,2013,9643
12.7,22.2,4,2015,9664
12.478965,32.214789,6,2013,9673
17.62787,23.737268,5,2011,9687
12.15,24.95,7,2012,9695
12.89,23.45,4,2013,9699
15.789456,33.147852,1,2014,9764
12.7,22.2,8,2014,9773
12.56789,26.789012,10,2014,9788
12.345678,24.876543,10,2012,9818
12.89,23.45,1,2015,9824
15.789456,33.147852,7,2013,9828
12.31,23.47,2,2014,9834
11.46,26.13,6,2012,9857
12.89,23.45,2,2014,9865
15.789456,33.147852,1,2013,9881
11.46,26.13,7,2012,9918
14.521478,30.487965,9,2012,9969
13.5,22.45,5,2012,9973
12.31,23.47,4,2013,9976
12.15,24.95,3,2013,9984
12.784125,30.478965,11,2015,9992
12.89,23.45,3,2013,10004
13.363172,25.767323,1,2013,10047
11.46,26.13,8,2012,10093
11.46,26.13,5,2012,10101
11.46,26.13,4,2012,10108
12.7,22.2,7,2014,10137
12.31,23.47,6,2012,10144
12.15,24.95,6,2012,10155
12.7,22.2,3,2015,10202
12.345678,24.876543,5,2012,10207
12.99,32.58,5,2012,10253
11.46,26.13,1,2012,10341
12.8,33.62,12,2017,10403
16.378965,33.124578,11,2015,10412
11.46,26.13,9,2012,10422
11.46,26.13,3,2012,10424
12.31,23.47,3,2013,10424
12.31,23.47,5,2012,10524
13.55,33.4,8,2012,10575
13.695056,30.098321,12,2015,10577
12.7,22.2,6,2014,10584
12.478965,32.214789,3,2012,10635
12.7,22.2,2,2015,10666
12.15,24.95,5,2012,10679
15.789456,33.147852,4,2012,10696
12.31,23.47,4,2012,10710
12.99,32.58,6,2013,10714
12.15,24.95,2,2013,10752
12.345678,24.876543,11,2012,10753
12.478965,32.214789,7,2013,10769
13.5,22.45,2,2013,10787
12.784125,30.478965,10,2014,10816
13.5,22.45,4,2012,10869
12.689457,30.147852,3,2012,10957
11.46,26.13,10,2012,10983
12.15,24.95,12,2011,11049
17.62787,23.737268,11,2011,11088
12.7,22.2,1,2015,11091
12.7,22.2,5,2014,11111
12.478965,32.214789,1,2013,11155
13.363172,25.767323,2,2013,11199
14.521478,30.487965,12,2013,11212
12.56789,26.789012,11,2014,11218
13.5,22.45,3,2012,11219
13.5,22.45,8,2011,11251
12.89,23.45,1,2014,11258
12.31,23.47,2,2013,11269
12.99,32.58,7,2013,11303
12.15,24.95,4,2012,11367
14.521478,30.487965,10,2012,11386
12.345678,24.876543,4,2012,11398
12.31,23.47,1,2014,11431
13.363172,25.767323,7,2012,11437
12.15,24.95,11,2011,11601
12.7,22.2,4,2014,11707
12.15,24.95,3,2012,11722
12.89,23.45,2,2013,11731
12.689457,30.147852,2,2012,11778
12.7,22.2,5,2013,11814
11.46,26.13,11,2012,11834
12.345678,24.876543,3,2012,11894
12.478965,32.214789,8,2013,12036
15.789456,33.147852,8,2013,12042
12.15,24.95,1,2013,12059
12.99,32.58,8,2013,12072
12.7,22.2,9,2013,12271
11.46,26.13,2,2012,12284
12.345678,24.876543,12,2012,12286
13.55,33.4,9,2012,12304
13.363172,25.767323,4,2012,12322
12.7,22.2,10,2013,12326
11.46,26.13,12,2011,12328
12.7,22.2,7,2013,12341
12.7,22.2,8,2013,12344
12.7,22.2,3,2014,12356
13.363172,25.767323,5,2012,12361
12.32,23.6,5,2013,12410
12.7,22.2,6,2013,12452
12.7,22.2,11,2013,12490
13.5,22.45,2,2012,12491
12.31,23.47,3,2012,12504
12.99,32.58,4,2012,12530
12.15,24.95,2,2012,12536
13.5,22.45,1,2013,12635
13.33,33.5,6,2013,12740
12.689457,30.147852,4,2012,12764
12.7,22.2,12,2013,12859
12.7,22.2,2,2014,12969
12.784125,30.478965,12,2015,13042
12.32,23.6,4,2013,13063
13.55,33.4,10,2011,13083
11.46,26.13,12,2012,13131
12.31,23.47,1,2013,13162
12.32,23.6,6,2013,13197
12.478965,32.214789,4,2012,13224
12.478965,32.214789,5,2012,13254
15.789456,33.147852,3,2012,13375
13.363172,25.767323,2,2012,13387
12.56789,26.789012,12,2014,13531
12.32,23.6,7,2013,13534
12.7,22.2,1,2014,13538
14.521478,30.487965,11,2012,13540
15.789456,33.147852,6,2012,13563
12.478965,32.214789,6,2012,13591
12.99,32.58,3,2013,13890
12.32,23.6,8,2013,13912
12.478965,32.214789,9,2013,14151
13.589332,22.701395,10,2011,14164
13.363172,25.767323,8,2011,14412
12.15,24.95,1,2012,14412
12.32,23.6,9,2013,14453
12.32,23.6,1,2014,14458
12.478965,32.214789,2,2012,14554
12.784125,30.478965,11,2014,14703
12.99,32.58,9,2013,14780
13.5,22.45,1,2012,14816
13.55,33.4,10,2012,14923
12.99,32.58,6,2012,15146
12.32,23.6,10,2013,15236
17.62787,23.737268,12,2011,15351
13.589332,22.701395,11,2011,15700
12.478965,32.214789,7,2012,15780
13.363172,25.767323,8,2012,16345
12.32,23.6,11,2013,16456
13.363172,25.767323,10,2012,16724
12.99,32.58,7,2012,16932
12.15,24.95,10,2011,17091
14.521478,30.487965,12,2012,17146
13.363172,25.767323,6,2013,17248
16.378965,33.124578,12,2015,17273
15.789456,33.147852,9,2013,17427
12.478965,32.214789,10,2013,17513
13.33,33.5,7,2013,17995
12.99,32.58,8,2012,18252
12.99,32.58,3,2012,18372
12.32,23.6,12,2013,18416
13.363172,25.767323,1,2012,18817
12.478965,32.214789,8,2012,18903
13.55,33.4,11,2012,19170
12.99,32.58,10,2011,19310
15.789456,33.147852,7,2012,19618
12.689457,30.147852,5,2012,19780
13.589332,22.701395,1,2012,23283
12.784125,30.478965,12,2014,23345
12.478965,32.214789,11,2013,23603
12.478965,32.214789,9,2012,24278
12.32,23.6,1,2013,24387
12.32,23.6,3,2012,24458
13.589332,22.701395,2,2012,24561
12.99,32.58,9,2012,24738
13.363172,25.767323,9,2011,24742
12.32,23.6,4,2012,24774
12.32,23.6,5,2012,25075
12.689457,30.147852,1,2014,25515
13.589332,22.701395,12,2011,25606
12.32,23.6,2,2012,26096
12.32,23.6,6,2012,26250
13.55,33.4,12,2012,27191
13.363172,25.767323,3,2013,28134
12.32,23.6,7,2012,28363
12.689457,30.147852,6,2012,28407
13.55,33.4,11,2011,29731
13.33,33.5,8,2013,29749
13.589332,22.701395,3,2012,31372
12.32,23.6,8,2012,32485
13.33,33.5,12,2012,32727
15.789456,33.147852,8,2012,32869
15.789456,33.147852,10,2013,33433
13.363172,25.767323,11,2012,34113
13.33,33.5,11,2011,36032
12.99,32.58,10,2012,36323
12.478965,32.214789,10,2012,36386
13.589332,22.701395,4,2012,36957
12.478965,32.214789,12,2013,37769
13.33,33.5,10,2012,38535
15.789456,33.147852,12,2012,40682
12.32,23.6,9,2012,40988
12.99,32.58,11,2011,41899
13.363172,25.767323,6,2012,42440
13.363172,25.767323,12,2012,42500
13.363172,25.767323,9,2012,42751
13.363172,25.767323,10,2011,42931
15.789456,33.147852,10,2012,43290
12.689457,30.147852,12,2013,43801
15.789456,33.147852,12,2013,43829
13.363172,25.767323,11,2011,43968
13.363172,25.767323,7,2011,44330
12.689457,30.147852,10,2013,46630
12.689457,30.147852,12,2012,46771
13.363172,25.767323,3,2012,46920
13.55,33.4,12,2011,47785
12.689457,30.147852,11,2012,48913
12.689457,30.147852,10,2012,50357
12.689457,30.147852,1,2013,50800
13.589332,22.701395,1,2013,50979
15.789456,33.147852,11,2013,51836
13.589332,22.701395,5,2012,52093
13.33,33.5,8,2012,52148
13.33,33.5,12,2011,52959
13.589332,22.701395,12,2012,53732
12.99,32.58,12,2011,53938
12.99,32.58,11,2012,54893
12.689457,30.147852,9,2012,55090
12.689457,30.147852,7,2012,55221
13.589332,22.701395,2,2013,55512
15.789456,33.147852,9,2012,56666
12.689457,30.147852,8,2013,57142
13.33,33.5,10,2011,57390
12.689457,30.147852,8,2012,57487
15.789456,33.147852,11,2012,58274
13.589332,22.701395,10,2012,59046
13.589332,22.701395,11,2012,59531
13.363172,25.767323,12,2011,60077
12.32,23.6,10,2012,61908
12.99,32.58,12,2012,62939
12.689457,30.147852,11,2013,62962
12.478965,32.214789,12,2012,63071
13.33,33.5,1,2012,63139
13.33,33.5,9,2013,65974
12.478965,32.214789,11,2012,66072
13.589332,22.701395,8,2012,68130
13.589332,22.701395,9,2012,68671
12.32,23.6,12,2012,68715
13.589332,22.701395,7,2012,70346
13.589332,22.701395,3,2013,71554
12.689457,30.147852,2,2013,73601
12.689457,30.147852,6,2013,75287
12.689457,30.147852,9,2013,78638
13.33,33.5,6,2012,79030
13.33,33.5,2,2012,80805
13.589332,22.701395,6,2012,82177
13.589332,22.701395,8,2013,83614
12.689457,30.147852,4,2013,85673
12.32,23.6,11,2012,87727
13.33,33.5,3,2012,87956
12.689457,30.147852,7,2013,89373
13.33,33.5,4,2012,89987
12.689457,30.147852,3,2013,92289
13.589332,22.701395,6,2013,92371
13.33,33.5,5,2012,93960
12.689457,30.147852,5,2013,94832
13.589332,22.701395,4,2013,95506
13.589332,22.701395,9,2013,96354
13.589332,22.701395,5,2013,96594
13.33,33.5,7,2012,101216
13.589332,22.701395,7,2013,112707
13.33,33.5,9,2012,115843
13.33,33.5,11,2012,126658
