latitude,longitude,month,year,predicted_individuals
17.62787,23.737268,4,2011,6474.4536
17.62787,23.737268,5,2011,9686.887
17.62787,23.737268,6,2011,7096.824
17.62787,23.737268,7,2011,6945.889
17.62787,23.737268,8,2011,7940.54
17.62787,23.737268,9,2011,8073.2896
17.62787,23.737268,10,2011,8950.6045
17.62787,23.737268,11,2011,11087.742
17.62787,23.737268,12,2011,15350.8955
17.62787,23.737268,1,2012,8426.018
17.62787,23.737268,2,2012,6279.968
17.62787,23.737268,3,2012,6667.7266
17.62787,23.737268,4,2012,5287.8896
17.62787,23.737268,5,2012,4457.917
17.62787,23.737268,6,2012,4217.7256
17.62787,23.737268,7,2012,3871.0098
17.62787,23.737268,8,2012,3664.4568
17.62787,23.737268,9,2012,3621.1936
17.62787,23.737268,10,2012,3667.8188
17.62787,23.737268,11,2012,3852.125
17.62787,23.737268,12,2012,4219.7275
17.62787,23.737268,1,2013,3622.1497
17.62787,23.737268,2,2013,3289.4282
17.62787,23.737268,3,2013,3065.7073
14.587364,22.66106,7,2014,6380.995
14.587364,22.66106,8,2014,5689.7607
14.587364,22.66106,9,2014,5486.456
14.587364,22.66106,10,2014,5195.0903
14.587364,22.66106,11,2014,4896.3174
14.587364,22.66106,12,2014,4637.0693
14.587364,22.66106,1,2015,9278.861
14.587364,22.66106,2,2015,8436.609
14.587364,22.66106,3,2015,7437.742
14.587364,22.66106,4,2015,7018.8877
14.587364,22.66106,5,2015,6455.887
14.587364,22.66106,6,2015,5931.7
14.587364,22.66106,7,2015,5472.4297
14.587364,22.66106,8,2015,5056.4683
14.587364,22.66106,9,2015,4685.559
14.587364,22.66106,10,2015,4356.856
14.587364,22.66106,11,2015,4067.9468
14.587364,22.66106,12,2015,3816.9402
14.587364,22.66106,1,2016,8113.106
14.587364,22.66106,2,2016,7363.986
14.587364,22.66106,3,2016,6500.8223
14.587364,22.66106,4,2016,6099.9424
14.587364,22.66106,5,2016,5587.413
14.587364,22.66106,6,2016,5114.5454
13.45,22.45,12,2017,5219.8613
13.45,22.45,1,2018,7455.671
13.45,22.45,2,2018,6951.264
13.45,22.45,3,2018,6759.5005
13.45,22.45,4,2018,6286.5703
13.45,22.45,5,2018,5936.606
13.45,22.45,6,2018,5609.4
13.45,22.45,7,2018,5333.5938
13.45,22.45,8,2018,5089.292
13.45,22.45,9,2018,4879.826
13.45,22.45,10,2018,4702.111
13.45,22.45,11,2018,4556.5996
13.45,22.45,12,2018,4442.878
13.45,22.45,1,2019,6825.0938
13.45,22.45,2,2019,6555.193
13.45,22.45,3,2019,6166.5635
13.45,22.45,4,2019,5713.608
13.45,22.45,5,2019,5371.6304
13.45,22.45,6,2019,5070.8354
13.45,22.45,7,2019,4809.6714
13.45,22.45,8,2019,4577.8574
13.45,22.45,9,2019,4376.1104
13.45,22.45,10,2019,4203.0225
13.45,22.45,11,2019,4058.3792
13.6333,22.4333,7,2016,2735.9426
13.6333,22.4333,8,2016,2435.6487
13.6333,22.4333,9,2016,2442.3494
13.6333,22.4333,10,2016,2401.6135
13.6333,22.4333,11,2016,2367.989
13.6333,22.4333,12,2016,2360.4983
13.6333,22.4333,1,2017,3411.6995
13.6333,22.4333,2,2017,3224.7048
13.6333,22.4333,3,2017,3034.4712
13.6333,22.4333,4,2017,2847.1758
13.6333,22.4333,5,2017,2647.9753
13.6333,22.4333,6,2017,2471.3958
13.6333,22.4333,7,2017,2317.4465
13.6333,22.4333,8,2017,2187.4866
13.6333,22.4333,9,2017,2081.9812
13.6333,22.4333,10,2017,2001.0916
13.6333,22.4333,11,2017,1945.3337
13.6333,22.4333,12,2017,1915.6619
13.6333,22.4333,1,2018,3013.3013
13.6333,22.4333,2,2018,2834.8723
13.6333,22.4333,3,2018,2654.8105
13.6333,22.4333,4,2018,2477.0125
13.6333,22.4333,5,2018,2288.1672
13.6333,22.4333,6,2018,2119.84
14.874563,31.478965,6,2019,1567.448
14.874563,31.478965,7,2019,1581.468
14.874563,31.478965,8,2019,1677.5066
14.874563,31.478965,9,2019,1774.1614
14.874563,31.478965,10,2019,1902.2673
14.874563,31.478965,11,2019,2066.2664
14.874563,31.478965,12,2019,2272.1628
14.874563,31.478965,1,2020,1365.1409
14.874563,31.478965,2,2020,1296.1951
14.874563,31.478965,3,2020,1297.7815
14.874563,31.478965,4,2020,1275.7014
14.874563,31.478965,5,2020,1279.1638
14.874563,31.478965,6,2020,1300.3474
14.874563,31.478965,7,2020,1338.1809
14.874563,31.478965,8,2020,1395.239
14.874563,31.478965,9,2020,1473.7922
14.874563,31.478965,10,2020,1576.8577
14.874563,31.478965,11,2020,1708.4016
14.874563,31.478965,12,2020,1873.6497
14.874563,31.478965,1,2021,1166.883
14.874563,31.478965,2,2021,1105.1521
14.874563,31.478965,3,2021,1096.2302
14.874563,31.478965,4,2021,1073.1365
14.874563,31.478965,5,2021,1070.9192
13.5,22.45,7,2011,4885.811
13.5,22.45,8,2011,11251.37
13.5,22.45,9,2011,7388.3887
13.5,22.45,10,2011,8707.737
13.5,22.45,11,2011,7935.7603
13.5,22.45,12,2011,7800.7397
13.5,22.45,1,2012,14816.054
13.5,22.45,2,2012,12491.389
13.5,22.45,3,2012,11219.176
13.5,22.45,4,2012,10868.776
13.5,22.45,5,2012,9972.638
13.5,22.45,6,2012,9230.695
13.5,22.45,7,2012,8576.908
13.5,22.45,8,2012,7970.8096
13.5,22.45,9,2012,7434.379
13.5,22.45,10,2012,6958.7983
13.5,22.45,11,2012,6543.3374
13.5,22.45,12,2012,6185.8477
13.5,22.45,1,2013,12635.152
13.5,22.45,2,2013,10787.044
13.5,22.45,3,2013,9634.006
13.5,22.45,4,2013,9250.955
13.5,22.45,5,2013,8457.806
13.5,22.45,6,2013,7785.693
13.363172,25.767323,7,2011,44329.81
13.363172,25.767323,8,2011,14411.52
13.363172,25.767323,9,2011,24741.965
13.363172,25.767323,10,2011,42931.44
13.363172,25.767323,11,2011,43968.492
13.363172,25.767323,12,2011,60076.51
13.363172,25.767323,1,2012,18816.895
13.363172,25.767323,2,2012,13387.4
13.363172,25.767323,3,2012,46920.12
13.363172,25.767323,4,2012,12322.273
13.363172,25.767323,5,2012,12360.503
13.363172,25.767323,6,2012,42440.465
13.363172,25.767323,7,2012,11437.002
13.363172,25.767323,8,2012,16344.764
13.363172,25.767323,9,2012,42750.53
13.363172,25.767323,10,2012,16724.176
13.363172,25.767323,11,2012,34112.797
13.363172,25.767323,12,2012,42499.79
13.363172,25.767323,1,2013,10047.335
13.363172,25.767323,2,2013,11199.091
13.363172,25.767323,3,2013,28133.502
13.363172,25.767323,4,2013,8795.676
13.363172,25.767323,5,2013,9319.448
13.363172,25.767323,6,2013,17247.584
12.99,32.58,10,2011,19309.846
12.99,32.58,11,2011,41899.414
12.99,32.58,12,2011,53937.95
12.99,32.58,1,2012,8818.119
12.99,32.58,2,2012,5452.819
12.99,32.58,3,2012,18372.219
12.99,32.58,4,2012,12529.932
12.99,32.58,5,2012,10253.477
12.99,32.58,6,2012,15146.127
12.99,32.58,7,2012,16932.111
12.99,32.58,8,2012,18251.732
12.99,32.58,9,2012,24737.746
12.99,32.58,10,2012,36323.348
12.99,32.58,11,2012,54893.1
12.99,32.58,12,2012,62938.723
12.99,32.58,1,2013,7311.512
12.99,32.58,2,2013,3571.7534
12.99,32.58,3,2013,13889.739
12.99,32.58,4,2013,9341.394
12.99,32.58,5,2013,7905.8086
12.99,32.58,6,2013,10713.741
12.99,32.58,7,2013,11303.241
12.99,32.58,8,2013,12071.702
12.99,32.58,9,2013,14779.761
15.75,32.45,12,2016,2723.2922
15.75,32.45,1,2017,459.1633
15.75,32.45,2,2017,307.4338
15.75,32.45,3,2017,457.2214
15.75,32.45,4,2017,363.17062
15.75,32.45,5,2017,408.28146
15.75,32.45,6,2017,500.90012
15.75,32.45,7,2017,612.77264
15.75,32.45,8,2017,771.5446
15.75,32.45,9,2017,981.9821
15.75,32.45,10,2017,1257.2102
15.75,32.45,11,2017,1621.7483
15.75,32.45,12,2017,2112.7463
15.75,32.45,1,2018,239.29073
15.75,32.45,2,2018,150.12715
15.75,32.45,3,2018,165.85518
15.75,32.45,4,2018,88.092
15.75,32.45,5,2018,120.1213
15.75,32.45,6,2018,181.73653
15.75,32.45,7,2018,264.69308
15.75,32.45,8,2018,382.76437
15.75,32.45,9,2018,538.1462
15.75,32.45,10,2018,739.4958
15.75,32.45,11,2018,1000.81366
14.73,33.3,12,2016,4327.5566
14.73,33.3,1,2017,2811.3955
14.73,33.3,2,2017,2662.477
14.73,33.3,3,2017,2818.3115
14.73,33.3,4,2017,2734.4968
14.73,33.3,5,2017,2724.4995
14.73,33.3,6,2017,2768.6904
14.73,33.3,7,2017,2830.2969
14.73,33.3,8,2017,2928.7385
14.73,33.3,9,2017,3070.235
14.73,33.3,10,2017,3260.279
14.73,33.3,11,2017,3510.3516
14.73,33.3,12,2017,3835.7583
14.73,33.3,1,2018,2459.3796
14.73,33.3,2,2018,2344.157
14.73,33.3,3,2018,2366.7175
14.73,33.3,4,2018,2280.8684
14.73,33.3,5,2018,2264.0217
14.73,33.3,6,2018,2280.973
14.73,33.3,7,2018,2316.8547
14.73,33.3,8,2018,2382.6887
14.73,33.3,9,2018,2481.299
14.73,33.3,10,2018,2616.9407
14.73,33.3,11,2018,2796.8826
12.15,24.95,10,2011,17090.9
12.15,24.95,11,2011,11600.859
12.15,24.95,12,2011,11048.971
12.15,24.95,1,2012,14412.062
12.15,24.95,2,2012,12536.49
12.15,24.95,3,2012,11722.412
12.15,24.95,4,2012,11366.613
12.15,24.95,5,2012,10678.845
12.15,24.95,6,2012,10154.957
12.15,24.95,7,2012,9694.8955
12.15,24.95,8,2012,9286.512
12.15,24.95,9,2012,8949.007
12.15,24.95,10,2012,8676.424
12.15,24.95,11,2012,8473.229
12.15,24.95,12,2012,8342.7705
12.15,24.95,1,2013,12058.958
12.15,24.95,2,2013,10751.551
12.15,24.95,3,2013,9984.159
12.15,24.95,4,2013,9642.522
12.15,24.95,5,2013,9028.312
12.15,24.95,6,2013,8530.132
12.15,24.95,7,2013,8092.0093
12.15,24.95,8,2013,7699.27
12.15,24.95,9,2013,7365.0474
13.55,33.4,10,2011,13083.179
13.55,33.4,11,2011,29731.053
13.55,33.4,12,2011,47784.94
13.55,33.4,1,2012,6814.566
13.55,33.4,2,2012,3677.6926
13.55,33.4,3,2012,7716.7866
13.55,33.4,4,2012,7816.7676
13.55,33.4,5,2012,7549.5283
13.55,33.4,6,2012,8478.843
13.55,33.4,7,2012,9455.735
13.55,33.4,8,2012,10575.036
13.55,33.4,9,2012,12304.184
13.55,33.4,10,2012,14922.607
13.55,33.4,11,2012,19169.738
13.55,33.4,12,2012,27191.062
13.55,33.4,1,2013,6020.666
13.55,33.4,2,2013,4363.286
13.55,33.4,3,2013,6649.5513
13.55,33.4,4,2013,6249.9697
13.55,33.4,5,2013,6221.7725
13.55,33.4,6,2013,6806.8794
13.55,33.4,7,2013,7363.963
13.55,33.4,8,2013,8074.899
13.55,33.4,9,2013,9099.673
13.33,33.5,10,2011,57389.94
13.33,33.5,11,2011,36032.02
13.33,33.5,12,2011,52958.83
13.33,33.5,1,2012,63139.38
13.33,33.5,2,2012,80804.67
13.33,33.5,3,2012,87956.375
13.33,33.5,4,2012,89986.875
13.33,33.5,5,2012,93959.836
13.33,33.5,6,2012,79030.305
13.33,33.5,7,2012,101215.555
13.33,33.5,8,2012,52147.84
13.33,33.5,9,2012,115842.62
13.33,33.5,10,2012,38534.57
13.33,33.5,11,2012,126657.72
13.33,33.5,12,2012,32727.068
13.33,33.5,1,2013,7616.637
13.33,33.5,2,2013,1516.7219
13.33,33.5,3,2013,9607.11
13.33,33.5,4,2013,9551.15
13.33,33.5,5,2013,9166.93
13.33,33.5,6,2013,12739.723
13.33,33.5,7,2013,17994.945
13.33,33.5,8,2013,29748.521
13.33,33.5,9,2013,65974.48
13.589332,22.701395,10,2011,14163.826
13.589332,22.701395,11,2011,15699.557
13.589332,22.701395,12,2011,25606.36
13.589332,22.701395,1,2012,23282.605
13.589332,22.701395,2,2012,24560.934
13.589332,22.701395,3,2012,31372.139
13.589332,22.701395,4,2012,36956.965
13.589332,22.701395,5,2012,52093.125
13.589332,22.701395,6,2012,82177.03
13.589332,22.701395,7,2012,70345.65
13.589332,22.701395,8,2012,68129.94
13.589332,22.701395,9,2012,68671.16
13.589332,22.701395,10,2012,59045.695
13.589332,22.701395,11,2012,59531.03
13.589332,22.701395,12,2012,53732.34
13.589332,22.701395,1,2013,50978.566
13.589332,22.701395,2,2013,55511.992
13.589332,22.701395,3,2013,71554.15
13.589332,22.701395,4,2013,95505.82
13.589332,22.701395,5,2013,96593.61
13.589332,22.701395,6,2013,92371.375
13.589332,22.701395,7,2013,112706.516
13.589332,22.701395,8,2013,83613.586
13.589332,22.701395,9,2013,96354.23
13.567891,26.345678,10,2015,4812.816
13.567891,26.345678,11,2015,5468.426
13.567891,26.345678,12,2015,6566.142
13.567891,26.345678,1,2016,4477.3184
13.567891,26.345678,2,2016,4217.848
13.567891,26.345678,3,2016,4110.124
13.567891,26.345678,4,2016,3762.0618
13.567891,26.345678,5,2016,3626.1404
13.567891,26.345678,6,2016,3540.385
13.567891,26.345678,7,2016,3481.678
13.567891,26.345678,8,2016,3485.3145
13.567891,26.345678,9,2016,3541.0134
13.567891,26.345678,10,2016,3655.7834
13.567891,26.345678,11,2016,3842.8044
13.567891,26.345678,12,2016,4118.099
13.567891,26.345678,1,2017,3486.301
13.567891,26.345678,2,2017,3296.982
13.567891,26.345678,3,2017,3149.4185
13.567891,26.345678,4,2017,2964.02
13.567891,26.345678,5,2017,2842.6313
13.567891,26.345678,6,2017,2753.019
13.567891,26.345678,7,2017,2692.831
13.567891,26.345678,8,2017,2669.8933
13.567891,26.345678,9,2017,2684.4338
13.95,22.45,9,2019,524.7834
13.95,22.45,10,2019,425.21017
13.95,22.45,11,2019,414.35812
13.95,22.45,12,2019,403.3547
13.95,22.45,1,2020,1184.2986
13.95,22.45,2,2020,1051.7273
13.95,22.45,3,2020,918.6994
13.95,22.45,4,2020,808.8161
13.95,22.45,5,2020,679.5993
13.95,22.45,6,2020,564.904
13.95,22.45,7,2020,464.55588
13.95,22.45,8,2020,378.07883
13.95,22.45,9,2020,306.28635
13.95,22.45,10,2020,249.08272
13.95,22.45,11,2020,206.5754
13.95,22.45,12,2020,179.07149
13.95,22.45,1,2021,962.1613
13.95,22.45,2,2021,833.9709
13.95,22.45,3,2021,706.45575
13.95,22.45,4,2021,600.8747
13.95,22.45,5,2021,477.6467
13.95,22.45,6,2021,367.84055
13.95,22.45,7,2021,271.21213
13.95,22.45,8,2021,187.29073
11.46,26.13,12,2011,12328.13
11.46,26.13,1,2012,10340.863
11.46,26.13,2,2012,12284.28
11.46,26.13,3,2012,10423.891
11.46,26.13,4,2012,10107.975
11.46,26.13,5,2012,10100.805
11.46,26.13,6,2012,9857.049
11.46,26.13,7,2012,9918.433
11.46,26.13,8,2012,10092.989
11.46,26.13,9,2012,10422.128
11.46,26.13,10,2012,10982.621
11.46,26.13,11,2012,11834.059
11.46,26.13,12,2012,13131.292
11.46,26.13,1,2013,9204.424
11.46,26.13,2,2013,8921.444
11.46,26.13,3,2013,8651.856
11.46,26.13,4,2013,8039.933
11.46,26.13,5,2013,7843.2754
11.46,26.13,6,2013,7680.9536
11.46,26.13,7,2013,7588.0107
11.46,26.13,8,2013,7603.961
11.46,26.13,9,2013,7708.83
11.46,26.13,10,2013,7927.068
11.46,26.13,11,2013,8282.962
11.48,26.14,12,2013,5988.64
11.48,26.14,1,2014,4746.7856
11.48,26.14,2,2014,4358.945
11.48,26.14,3,2014,4152.4736
11.48,26.14,4,2014,3891.8457
11.48,26.14,5,2014,3671.9001
11.48,26.14,6,2014,3477.4614
11.48,26.14,7,2014,3309.769
11.48,26.14,8,2014,3168.1152
11.48,26.14,9,2014,3052.3994
11.48,26.14,10,2014,2962.7905
11.48,26.14,11,2014,2899.8918
11.48,26.14,12,2014,2864.8018
11.48,26.14,1,2015,4261.03
11.48,26.14,2,2015,3919.97
11.48,26.14,3,2015,3675.365
11.48,26.14,4,2015,3451.1196
11.48,26.14,5,2015,3239.5447
11.48,26.14,6,2015,3053.265
11.48,26.14,7,2015,2890.3582
11.48,26.14,8,2015,2750.759
11.48,26.14,9,2015,2634.0945
11.48,26.14,10,2015,2540.3484
11.48,26.14,11,2015,2469.7922
11.94,23.05,8,2013,2042.9524
11.94,23.05,9,2013,3244.571
11.94,23.05,10,2013,2918.7092
11.94,23.05,11,2013,2939.8813
11.94,23.05,12,2013,2943.2202
11.94,23.05,1,2014,4083.4148
11.94,23.05,2,2014,3796.6118
11.94,23.05,3,2014,3592.3962
11.94,23.05,4,2014,3389.3052
11.94,23.05,5,2014,3154.0935
11.94,23.05,6,2014,2950.5244
11.94,23.05,7,2014,2771.4487
11.94,23.05,8,2014,2620.427
11.94,23.05,9,2014,2498.7708
11.94,23.05,10,2014,2406.7717
11.94,23.05,11,2014,2345.4348
11.94,23.05,12,2014,2316.2664
11.94,23.05,1,2015,3550.3877
11.94,23.05,2,2015,3276.155
11.94,23.05,3,2015,3085.5405
11.94,23.05,4,2015,2894.4773
11.94,23.05,5,2015,2673.3474
11.94,23.05,6,2015,2480.2307
11.94,23.05,7,2015,2308.841
12.32,23.6,2,2012,26095.662
12.32,23.6,3,2012,24458.258
12.32,23.6,4,2012,24773.633
12.32,23.6,5,2012,25074.51
12.32,23.6,6,2012,26249.963
12.32,23.6,7,2012,28362.898
12.32,23.6,8,2012,32485.291
12.32,23.6,9,2012,40987.535
12.32,23.6,10,2012,61907.617
12.32,23.6,11,2012,87726.99
12.32,23.6,12,2012,68715.055
12.32,23.6,1,2013,24387.0
12.32,23.6,2,2013,7252.8115
12.32,23.6,3,2013,8989.826
12.32,23.6,4,2013,13063.174
12.32,23.6,5,2013,12410.436
12.32,23.6,6,2013,13196.87
12.32,23.6,7,2013,13534.131
12.32,23.6,8,2013,13912.204
12.32,23.6,9,2013,14453.458
12.32,23.6,10,2013,15236.094
12.32,23.6,11,2013,16455.773
12.32,23.6,12,2013,18415.992
12.32,23.6,1,2014,14458.126
12.478965,32.214789,2,2012,14554.026
12.478965,32.214789,3,2012,10635.411
12.478965,32.214789,4,2012,13223.886
12.478965,32.214789,5,2012,13253.99
12.478965,32.214789,6,2012,13590.641
12.478965,32.214789,7,2012,15780.275
12.478965,32.214789,8,2012,18903.414
12.478965,32.214789,9,2012,24277.562
12.478965,32.214789,10,2012,36386.42
12.478965,32.214789,11,2012,66072.01
12.478965,32.214789,12,2012,63071.47
12.478965,32.214789,1,2013,11155.288
12.478965,32.214789,2,2013,4088.24
12.478965,32.214789,3,2013,8468.858
12.478965,32.214789,4,2013,9117.776
12.478965,32.214789,5,2013,8586.237
12.478965,32.214789,6,2013,9672.556
12.478965,32.214789,7,2013,10769.313
12.478965,32.214789,8,2013,12035.621
12.478965,32.214789,9,2013,14150.79
12.478965,32.214789,10,2013,17512.545
12.478965,32.214789,11,2013,23603.332
12.478965,32.214789,12,2013,37768.67
12.478965,32.214789,1,2014,8804.801
15.789456,33.147852,2,2012,5558.586
15.789456,33.147852,3,2012,13374.538
15.789456,33.147852,4,2012,10695.798
15.789456,33.147852,5,2012,9475.624
15.789456,33.147852,6,2012,13563.228
15.789456,33.147852,7,2012,19617.703
15.789456,33.147852,8,2012,32868.82
15.789456,33.147852,9,2012,56666.305
15.789456,33.147852,10,2012,43289.996
15.789456,33.147852,11,2012,58273.52
15.789456,33.147852,12,2012,40682.344
15.789456,33.147852,1,2013,9880.528
15.789456,33.147852,2,2013,4768.597
15.789456,33.147852,3,2013,9497.047
15.789456,33.147852,4,2013,7868.888
15.789456,33.147852,5,2013,6598.0884
15.789456,33.147852,6,2013,8142.404
15.789456,33.147852,7,2013,9828.241
15.789456,33.147852,8,2013,12041.592
15.789456,33.147852,9,2013,17426.676
15.789456,33.147852,10,2013,33433.242
15.789456,33.147852,11,2013,51836.137
15.789456,33.147852,12,2013,43829.41
15.789456,33.147852,1,2014,9764.043
17.878412,30.478965,2,2016,4576.539
17.878412,30.478965,3,2016,1037.0208
17.878412,30.478965,4,2016,2683.43
17.878412,30.478965,5,2016,2218.4846
17.878412,30.478965,6,2016,1934.2917
17.878412,30.478965,7,2016,1987.4602
17.878412,30.478965,8,2016,1999.2302
17.878412,30.478965,9,2016,2034.9758
17.878412,30.478965,10,2016,2119.9485
17.878412,30.478965,11,2016,2245.7927
17.878412,30.478965,12,2016,2422.8264
17.878412,30.478965,1,2017,1988.926
17.878412,30.478965,2,2017,1841.7195
17.878412,30.478965,3,2017,1764.5271
17.878412,30.478965,4,2017,1670.7932
17.878412,30.478965,5,2017,1601.8557
17.878412,30.478965,6,2017,1556.031
17.878412,30.478965,7,2017,1529.6907
17.878412,30.478965,8,2017,1525.676
17.878412,30.478965,9,2017,1546.2854
17.878412,30.478965,10,2017,1594.3601
17.878412,30.478965,11,2017,1674.0554
17.878412,30.478965,12,2017,1791.0383
17.878412,30.478965,1,2018,1632.8132
16.784125,29.365478,2,2016,1844.9929
16.784125,29.365478,3,2016,2353.9905
16.784125,29.365478,4,2016,2811.1196
16.784125,29.365478,5,2016,2673.0767
16.784125,29.365478,6,2016,2662.8396
16.784125,29.365478,7,2016,2705.258
16.784125,29.365478,8,2016,2766.5266
16.784125,29.365478,9,2016,2866.1333
16.784125,29.365478,10,2016,3011.0535
16.784125,29.365478,11,2016,3209.9866
16.784125,29.365478,12,2016,3476.7039
16.784125,29.365478,1,2017,2563.8684
16.784125,29.365478,2,2017,2404.0872
16.784125,29.365478,3,2017,2367.3909
16.784125,29.365478,4,2017,2297.6497
16.784125,29.365478,5,2017,2256.6604
16.784125,29.365478,6,2017,2241.8293
16.784125,29.365478,7,2017,2249.8494
16.784125,29.365478,8,2017,2284.1345
16.784125,29.365478,9,2017,2348.1028
16.784125,29.365478,10,2017,2446.1765
16.784125,29.365478,11,2017,2584.5046
16.784125,29.365478,12,2017,2771.537
16.784125,29.365478,1,2018,2216.473
14.521478,30.487965,2,2012,7878.0654
14.521478,30.487965,3,2012,6708.188
14.521478,30.487965,4,2012,7151.4233
14.521478,30.487965,5,2012,7443.1753
14.521478,30.487965,6,2012,7769.8457
14.521478,30.487965,7,2012,8278.984
14.521478,30.487965,8,2012,8984.733
14.521478,30.487965,9,2012,9968.88
14.521478,30.487965,10,2012,11386.178
14.521478,30.487965,11,2012,13540.485
14.521478,30.487965,12,2012,17145.924
14.521478,30.487965,1,2013,6934.5635
14.521478,30.487965,2,2013,5459.2866
14.521478,30.487965,3,2013,5909.685
14.521478,30.487965,4,2013,6000.021
14.521478,30.487965,5,2013,6098.498
14.521478,30.487965,6,2013,6323.169
14.521478,30.487965,7,2013,6637.6562
14.521478,30.487965,8,2013,7067.3003
14.521478,30.487965,9,2013,7652.8154
14.521478,30.487965,10,2013,8454.419
14.521478,30.487965,11,2013,9576.016
14.521478,30.487965,12,2013,11211.663
14.521478,30.487965,1,2014,5556.52
15.698745,29.874563,2,2016,2862.8157
15.698745,29.874563,3,2016,2239.7546
15.698745,29.874563,4,2016,1921.5706
15.698745,29.874563,5,2016,2051.2107
15.698745,29.874563,6,2016,2151.6848
15.698745,29.874563,7,2016,2316.3
15.698745,29.874563,8,2016,2565.2156
15.698745,29.874563,9,2016,2895.2346
15.698745,29.874563,10,2016,3338.3975
15.698745,29.874563,11,2016,3942.879
15.698745,29.874563,12,2016,4791.8076
15.698745,29.874563,1,2017,1828.6497
15.698745,29.874563,2,2017,1591.3801
15.698745,29.874563,3,2017,1616.99
15.698745,29.874563,4,2017,1529.1145
15.698745,29.874563,5,2017,1574.2
15.698745,29.874563,6,2017,1668.1497
15.698745,29.874563,7,2017,1797.2068
15.698745,29.874563,8,2017,1976.8508
15.698745,29.874563,9,2017,2214.9182
15.698745,29.874563,10,2017,2527.3035
15.698745,29.874563,11,2017,2939.81
15.698745,29.874563,12,2017,3493.2412
15.698745,29.874563,1,2018,1402.1458
12.689457,30.147852,2,2012,11777.637
12.689457,30.147852,3,2012,10956.692
12.689457,30.147852,4,2012,12763.905
12.689457,30.147852,5,2012,19779.629
12.689457,30.147852,6,2012,28406.936
12.689457,30.147852,7,2012,55220.617
12.689457,30.147852,8,2012,57486.777
12.689457,30.147852,9,2012,55090.44
12.689457,30.147852,10,2012,50357.086
12.689457,30.147852,11,2012,48912.637
12.689457,30.147852,12,2012,46770.664
12.689457,30.147852,1,2013,50799.91
12.689457,30.147852,2,2013,73601.1
12.689457,30.147852,3,2013,92288.875
12.689457,30.147852,4,2013,85673.42
12.689457,30.147852,5,2013,94831.734
12.689457,30.147852,6,2013,75287.36
12.689457,30.147852,7,2013,89373.03
12.689457,30.147852,8,2013,57141.66
12.689457,30.147852,9,2013,78638.04
12.689457,30.147852,10,2013,46629.91
12.689457,30.147852,11,2013,62961.773
12.689457,30.147852,12,2013,43801.27
12.689457,30.147852,1,2014,25514.992
12.31,23.47,3,2012,12504.242
12.31,23.47,4,2012,10710.495
12.31,23.47,5,2012,10524.114
12.31,23.47,6,2012,10144.37
12.31,23.47,7,2012,9502.538
12.31,23.47,8,2012,8997.664
12.31,23.47,9,2012,8514.247
12.31,23.47,10,2012,8099.322
12.31,23.47,11,2012,7743.027
12.31,23.47,12,2012,7450.1294
12.31,23.47,1,2013,13161.957
12.31,23.47,2,2013,11269.108
12.31,23.47,3,2013,10424.154
12.31,23.47,4,2013,9976.497
12.31,23.47,5,2013,9219.227
12.31,23.47,6,2013,8605.094
12.31,23.47,7,2013,8041.618
12.31,23.47,8,2013,7533.8516
12.31,23.47,9,2013,7085.0845
12.31,23.47,10,2013,6691.144
12.31,23.47,11,2013,6351.0635
12.31,23.47,12,2013,6063.2524
12.31,23.47,1,2014,11431.235
12.31,23.47,2,2014,9833.571
14.365478,30.784125,5,2014,5118.511
14.365478,30.784125,6,2014,5776.8228
14.365478,30.784125,7,2014,5524.304
14.365478,30.784125,8,2014,5921.456
14.365478,30.784125,9,2014,6225.5977
14.365478,30.784125,10,2014,6525.4507
14.365478,30.784125,11,2014,6996.5586
14.365478,30.784125,12,2014,7624.9067
14.365478,30.784125,1,2015,5238.44
14.365478,30.784125,2,2015,4964.394
14.365478,30.784125,3,2015,5061.674
14.365478,30.784125,4,2015,4830.703
14.365478,30.784125,5,2015,4744.3867
14.365478,30.784125,6,2015,4743.2246
14.365478,30.784125,7,2015,4758.744
14.365478,30.784125,8,2015,4827.3496
14.365478,30.784125,9,2015,4955.49
14.365478,30.784125,10,2015,5147.893
14.365478,30.784125,11,2015,5420.605
14.365478,30.784125,12,2015,5794.2363
14.365478,30.784125,1,2016,4470.2275
14.365478,30.784125,2,2016,4256.761
14.365478,30.784125,3,2016,4225.284
14.365478,30.784125,4,2016,4057.4487
12.345678,24.876543,3,2012,11893.667
12.345678,24.876543,4,2012,11398.373
12.345678,24.876543,5,2012,10207.275
12.345678,24.876543,6,2012,9273.028
12.345678,24.876543,7,2012,9057.328
12.345678,24.876543,8,2012,9014.796
12.345678,24.876543,9,2012,9266.451
12.345678,24.876543,10,2012,9818.361
12.345678,24.876543,11,2012,10753.36
12.345678,24.876543,12,2012,12285.766
12.345678,24.876543,1,2013,7989.4585
12.345678,24.876543,2,2013,7455.646
12.345678,24.876543,3,2013,7051.3403
12.345678,24.876543,4,2013,6560.1953
12.345678,24.876543,5,2013,6368.218
12.345678,24.876543,6,2013,6250.7427
12.345678,24.876543,7,2013,6221.7354
12.345678,24.876543,8,2013,6288.5283
12.345678,24.876543,9,2013,6451.6665
12.345678,24.876543,10,2013,6731.444
12.345678,24.876543,11,2013,7158.4067
12.345678,24.876543,12,2013,7785.1016
12.345678,24.876543,1,2014,6106.8257
12.345678,24.876543,2,2014,5812.344
14.22403,33.607028,7,2017,2591.1877
14.22403,33.607028,8,2017,3281.384
14.22403,33.607028,9,2017,4021.8433
14.22403,33.607028,10,2017,5149.1196
14.22403,33.607028,11,2017,6568.568
14.22403,33.607028,12,2017,8761.778
14.22403,33.607028,1,2018,2292.406
14.22403,33.607028,2,2018,1893.0085
14.22403,33.607028,3,2018,2103.1921
14.22403,33.607028,4,2018,1918.6892
14.22403,33.607028,5,2018,2048.203
14.22403,33.607028,6,2018,2277.1692
14.22403,33.607028,7,2018,2551.8103
14.22403,33.607028,8,2018,2923.7744
14.22403,33.607028,9,2018,3411.626
14.22403,33.607028,10,2018,4057.4846
14.22403,33.607028,11,2018,4943.0093
14.22403,33.607028,12,2018,6218.033
14.22403,33.607028,1,2019,1710.1624
14.22403,33.607028,2,2019,1485.8401
14.22403,33.607028,3,2019,1613.8782
14.22403,33.607028,4,2019,1521.1418
14.22403,33.607028,5,2019,1636.2698
14.22403,33.607028,6,2019,1815.2952
18.41113,22.378945,7,2017,19.27169
18.41113,22.378945,8,2017,-188.73515
18.41113,22.378945,9,2017,-360.7283
18.41113,22.378945,10,2017,-565.1932
18.41113,22.378945,11,2017,-653.36505
18.41113,22.378945,12,2017,-723.1678
18.41113,22.378945,1,2018,313.7463
18.41113,22.378945,2,2018,205.18916
18.41113,22.378945,3,2018,50.50753
18.41113,22.378945,4,2018,-68.89042
18.41113,22.378945,5,2018,-215.61162
18.41113,22.378945,6,2018,-351.5662
18.41113,22.378945,7,2018,-474.23904
18.41113,22.378945,8,2018,-584.8416
18.41113,22.378945,9,2018,-682.65216
18.41113,22.378945,10,2018,-767.92413
18.41113,22.378945,11,2018,-840.8255
18.41113,22.378945,12,2018,-901.3455
18.41113,22.378945,1,2019,121.971886
18.41113,22.378945,2,2019,17.176964
18.41113,22.378945,3,2019,-128.85674
18.41113,22.378945,4,2019,-243.44511
18.41113,22.378945,5,2019,-382.17166
18.41113,22.378945,6,2019,-510.76492
13.12,23.78,9,2018,4048.1045
13.12,23.78,10,2018,4021.4211
13.12,23.78,11,2018,3949.0737
13.12,23.78,12,2018,3824.9626
13.12,23.78,1,2019,6196.146
13.12,23.78,2,2019,5793.6167
13.12,23.78,3,2019,5337.213
13.12,23.78,4,2019,4997.4043
13.12,23.78,5,2019,4691.7197
13.12,23.78,6,2019,4416.9297
13.12,23.78,7,2019,4171.165
13.12,23.78,8,2019,3953.4355
13.12,23.78,9,2019,3762.5852
13.12,23.78,10,2019,3597.7263
13.12,23.78,11,2019,3458.2092
13.12,23.78,12,2019,3343.6746
13.12,23.78,1,2020,5621.1245
13.12,23.78,2,2020,5245.691
13.12,23.78,3,2020,4826.063
13.12,23.78,4,2020,4508.785
13.12,23.78,5,2020,4221.9365
13.12,23.78,6,2020,3963.3552
13.12,23.78,7,2020,3731.2913
13.12,23.78,8,2020,3524.7168
16.896561,23.587136,11,2015,3199.8909
16.896561,23.587136,12,2015,3178.752
16.896561,23.587136,1,2016,4044.395
16.896561,23.587136,2,2016,3734.626
16.896561,23.587136,3,2016,3397.058
16.896561,23.587136,4,2016,3139.522
16.896561,23.587136,5,2016,2904.1985
16.896561,23.587136,6,2016,2692.1465
16.896561,23.587136,7,2016,2503.7434
16.896561,23.587136,8,2016,2338.1013
16.896561,23.587136,9,2016,2194.674
16.896561,23.587136,10,2016,2073.1956
16.896561,23.587136,11,2016,1973.72
16.896561,23.587136,12,2016,1896.678
16.896561,23.587136,1,2017,3524.4941
16.896561,23.587136,2,2017,3325.7368
16.896561,23.587136,3,2017,2991.0266
16.896561,23.587136,4,2017,2750.4639
16.896561,23.587136,5,2017,2529.244
16.896561,23.587136,6,2017,2328.4905
16.896561,23.587136,7,2017,2148.8904
16.896561,23.587136,8,2017,1989.5886
16.896561,23.587136,9,2017,1849.9807
16.896561,23.587136,10,2017,1729.6902
12.784125,30.478965,7,2014,5629.0176
12.784125,30.478965,8,2014,6584.0137
12.784125,30.478965,9,2014,8369.798
12.784125,30.478965,10,2014,10816.284
12.784125,30.478965,11,2014,14703.299
12.784125,30.478965,12,2014,23345.275
12.784125,30.478965,1,2015,7176.4814
12.784125,30.478965,2,2015,5401.471
12.784125,30.478965,3,2015,5899.9443
12.784125,30.478965,4,2015,4966.211
12.784125,30.478965,5,2015,4951.7373
12.784125,30.478965,6,2015,5246.4517
12.784125,30.478965,7,2015,5586.809
12.784125,30.478965,8,2015,6160.3667
12.784125,30.478965,9,2015,6988.8
12.784125,30.478965,10,2015,8176.9585
12.784125,30.478965,11,2015,9992.392
12.784125,30.478965,12,2015,13042.09
12.784125,30.478965,1,2016,4761.8564
12.784125,30.478965,2,2016,4127.8647
12.784125,30.478965,3,2016,4262.6665
12.784125,30.478965,4,2016,3846.4468
12.784125,30.478965,5,2016,3921.6123
12.784125,30.478965,6,2016,4124.1445
14.123456,27.987654,10,2012,9269.317
14.123456,27.987654,11,2012,9252.889
14.123456,27.987654,12,2012,5076.4424
14.123456,27.987654,1,2013,9171.425
14.123456,27.987654,2,2013,9612.69
14.123456,27.987654,3,2013,8310.5205
14.123456,27.987654,4,2013,8351.462
14.123456,27.987654,5,2013,8295.895
14.123456,27.987654,6,2013,8039.8555
14.123456,27.987654,7,2013,7958.878
14.123456,27.987654,8,2013,7948.662
14.123456,27.987654,9,2013,7995.1104
14.123456,27.987654,10,2013,8140.952
14.123456,27.987654,11,2013,8396.845
14.123456,27.987654,12,2013,8788.978
14.123456,27.987654,1,2014,7981.57
14.123456,27.987654,2,2014,7559.1177
14.123456,27.987654,3,2014,7335.9775
14.123456,27.987654,4,2014,7032.02
14.123456,27.987654,5,2014,6787.123
14.123456,27.987654,6,2014,6608.6094
14.123456,27.987654,7,2014,6470.9756
14.123456,27.987654,8,2014,6385.879
14.123456,27.987654,9,2014,6358.46
12.56789,25.789012,5,2018,1951.7439
12.56789,25.789012,6,2018,1995.804
12.56789,25.789012,7,2018,2077.5793
12.56789,25.789012,8,2018,2144.9758
12.56789,25.789012,9,2018,2185.9143
12.56789,25.789012,10,2018,2251.175
12.56789,25.789012,11,2018,2343.763
12.56789,25.789012,12,2018,2472.158
12.56789,25.789012,1,2019,2309.0208
12.56789,25.789012,2,2019,2192.8074
12.56789,25.789012,3,2019,2090.4065
12.56789,25.789012,4,2019,1998.6985
12.56789,25.789012,5,2019,1926.8865
12.56789,25.789012,6,2019,1874.4534
12.56789,25.789012,7,2019,1842.2117
12.56789,25.789012,8,2019,1831.2571
12.56789,25.789012,9,2019,1842.906
12.56789,25.789012,10,2019,1879.0354
12.56789,25.789012,11,2019,1942.1814
12.56789,25.789012,12,2019,2035.7815
12.56789,25.789012,1,2020,2021.2742
12.56789,25.789012,2,2020,1912.3132
12.56789,25.789012,3,2020,1814.6853
12.56789,25.789012,4,2020,1727.8191
12.678901,25.890123,11,2019,2221.5393
12.678901,25.890123,12,2019,2597.5408
12.678901,25.890123,1,2020,1758.8958
12.678901,25.890123,2,2020,1494.6189
12.678901,25.890123,3,2020,1420.7415
12.678901,25.890123,4,2020,1350.1941
12.678901,25.890123,5,2020,1313.3181
12.678901,25.890123,6,2020,1297.4309
12.678901,25.890123,7,2020,1299.3762
12.678901,25.890123,8,2020,1320.3167
12.678901,25.890123,9,2020,1361.2898
12.678901,25.890123,10,2020,1424.1926
12.678901,25.890123,11,2020,1511.613
12.678901,25.890123,12,2020,1626.9895
12.678901,25.890123,1,2021,1330.4514
12.678901,25.890123,2,2021,1253.4885
12.678901,25.890123,3,2021,1192.0627
12.678901,25.890123,4,2021,1138.8997
12.678901,25.890123,5,2021,1104.7341
12.678901,25.890123,6,2021,1085.4597
12.678901,25.890123,7,2021,1081.6721
12.678901,25.890123,8,2021,1094.2805
12.678901,25.890123,9,2021,1124.3455
12.678901,25.890123,10,2021,1173.3904
12.789012,25.901234,6,2016,3734.9563
12.789012,25.901234,7,2016,3367.3538
12.789012,25.901234,8,2016,3631.3699
12.789012,25.901234,9,2016,3903.9214
12.789012,25.901234,10,2016,4014.1155
12.789012,25.901234,11,2016,4233.9995
12.789012,25.901234,12,2016,4508.768
12.789012,25.901234,1,2017,4125.245
12.789012,25.901234,2,2017,3929.4807
12.789012,25.901234,3,2017,3757.4724
12.789012,25.901234,4,2017,3560.9536
12.789012,25.901234,5,2017,3410.7131
12.789012,25.901234,6,2017,3292.0918
12.789012,25.901234,7,2017,3205.0217
12.789012,25.901234,8,2017,3155.647
12.789012,25.901234,9,2017,3145.028
12.789012,25.901234,10,2017,3176.8997
12.789012,25.901234,11,2017,3256.693
12.789012,25.901234,12,2017,3391.9102
12.789012,25.901234,1,2018,3404.2905
12.789012,25.901234,2,2018,3223.478
12.789012,25.901234,3,2018,3060.833
12.789012,25.901234,4,2018,2906.5444
12.789012,25.901234,5,2018,2762.9827
12.890123,25.012345,10,2018,1648.9167
12.890123,25.012345,11,2018,1556.927
12.890123,25.012345,12,2018,1522.3455
12.890123,25.012345,1,2019,3175.5
12.890123,25.012345,2,2019,2872.8074
12.890123,25.012345,3,2019,2600.443
12.890123,25.012345,4,2019,2408.068
12.890123,25.012345,5,2019,2197.2434
12.890123,25.012345,6,2019,2008.0061
12.890123,25.012345,7,2019,1838.7932
12.890123,25.012345,8,2019,1687.6643
12.890123,25.012345,9,2019,1554.3728
12.890123,25.012345,10,2019,1438.2439
12.890123,25.012345,11,2019,1338.8191
12.890123,25.012345,12,2019,1255.8093
12.890123,25.012345,1,2020,2836.3516
12.890123,25.012345,2,2020,2555.5217
12.890123,25.012345,3,2020,2300.4016
12.890123,25.012345,4,2020,2116.5837
12.890123,25.012345,5,2020,1918.0427
12.890123,25.012345,6,2020,1739.1833
12.890123,25.012345,7,2020,1578.6165
12.890123,25.012345,8,2020,1434.6785
12.890123,25.012345,9,2020,1307.0515
12.901234,25.123456,9,2018,1596.1096
12.901234,25.123456,10,2018,1643.1902
12.901234,25.123456,11,2018,1598.8279
12.901234,25.123456,12,2018,1588.2249
12.901234,25.123456,1,2019,2437.488
12.901234,25.123456,2,2019,2261.842
12.901234,25.123456,3,2019,2094.178
12.901234,25.123456,4,2019,1952.5168
12.901234,25.123456,5,2019,1823.4197
12.901234,25.123456,6,2019,1709.9749
12.901234,25.123456,7,2019,1611.738
12.901234,25.123456,8,2019,1528.5237
12.901234,25.123456,9,2019,1460.2585
12.901234,25.123456,10,2019,1407.0374
12.901234,25.123456,11,2019,1369.1389
12.901234,25.123456,12,2019,1347.053
12.901234,25.123456,1,2020,2205.7566
12.901234,25.123456,2,2020,2038.4133
12.901234,25.123456,3,2020,1878.0461
12.901234,25.123456,4,2020,1741.7585
12.901234,25.123456,5,2020,1617.2678
12.901234,25.123456,6,2020,1507.2551
12.901234,25.123456,7,2020,1411.2766
12.901234,25.123456,8,2020,1329.1199
12.012345,25.234567,3,2014,4773.887
12.012345,25.234567,4,2014,4597.296
12.012345,25.234567,5,2014,4775.7363
12.012345,25.234567,6,2014,4814.068
12.012345,25.234567,7,2014,4840.469
12.012345,25.234567,8,2014,4914.159
12.012345,25.234567,9,2014,5033.8
12.012345,25.234567,10,2014,5222.8203
12.012345,25.234567,11,2014,5499.627
12.012345,25.234567,12,2014,5890.835
12.012345,25.234567,1,2015,4900.7886
12.012345,25.234567,2,2015,4688.0703
12.012345,25.234567,3,2015,4489.311
12.012345,25.234567,4,2015,4297.115
12.012345,25.234567,5,2015,4175.302
12.012345,25.234567,6,2015,4090.1743
12.012345,25.234567,7,2015,4046.5203
12.012345,25.234567,8,2015,4046.862
12.012345,25.234567,9,2015,4094.1711
12.012345,25.234567,10,2015,4194.563
12.012345,25.234567,11,2015,4356.682
12.012345,25.234567,12,2015,4593.2656
12.012345,25.234567,1,2016,4175.0293
12.012345,25.234567,2,2016,3990.9941
12.123456,25.345678,12,2015,6361.915
12.123456,25.345678,1,2016,4732.8086
12.123456,25.345678,2,2016,3950.2422
12.123456,25.345678,3,2016,3930.825
12.123456,25.345678,4,2016,3699.5488
12.123456,25.345678,5,2016,3565.1301
12.123456,25.345678,6,2016,3479.1892
12.123456,25.345678,7,2016,3422.9858
12.123456,25.345678,8,2016,3405.4636
12.123456,25.345678,9,2016,3426.0962
12.123456,25.345678,10,2016,3488.7312
12.123456,25.345678,11,2016,3598.9502
12.123456,25.345678,12,2016,3764.7234
12.123456,25.345678,1,2017,3616.4026
12.123456,25.345678,2,2017,3450.7893
12.123456,25.345678,3,2017,3299.57
12.123456,25.345678,4,2017,3159.78
12.123456,25.345678,5,2017,3044.477
12.123456,25.345678,6,2017,2955.2046
12.123456,25.345678,7,2017,2893.22
12.123456,25.345678,8,2017,2860.092
12.123456,25.345678,9,2017,2857.6016
12.123456,25.345678,10,2017,2888.3115
12.123456,25.345678,11,2017,2955.8137
12.234567,25.456789,2,2015,666.3918
12.234567,25.456789,3,2015,3764.9465
12.234567,25.456789,4,2015,1733.8953
12.234567,25.456789,5,2015,3185.1355
12.234567,25.456789,6,2015,2934.2065
12.234567,25.456789,7,2015,2823.813
12.234567,25.456789,8,2015,2671.769
12.234567,25.456789,9,2015,2549.5505
12.234567,25.456789,10,2015,2446.0525
12.234567,25.456789,11,2015,2366.2585
12.234567,25.456789,12,2015,2309.5432
12.234567,25.456789,1,2016,3823.6692
12.234567,25.456789,2,2016,3508.441
12.234567,25.456789,3,2016,3257.8608
12.234567,25.456789,4,2016,3034.3845
12.234567,25.456789,5,2016,2824.1763
12.234567,25.456789,6,2016,2637.0496
12.234567,25.456789,7,2016,2471.4075
12.234567,25.456789,8,2016,2326.8518
12.234567,25.456789,9,2016,2202.8347
12.234567,25.456789,10,2016,2099.0925
12.234567,25.456789,11,2016,2015.5925
12.234567,25.456789,12,2016,1952.5906
12.234567,25.456789,1,2017,3453.7222
12.345678,25.56789,6,2018,1906.883
12.345678,25.56789,7,2018,1799.3625
12.345678,25.56789,8,2018,1793.4539
12.345678,25.56789,9,2018,1778.4641
12.345678,25.56789,10,2018,1777.6042
12.345678,25.56789,11,2018,1806.2351
12.345678,25.56789,12,2018,1863.3997
12.345678,25.56789,1,2019,2176.2761
12.345678,25.56789,2,2019,2029.4778
12.345678,25.56789,3,2019,1898.4324
12.345678,25.56789,4,2019,1785.5056
12.345678,25.56789,5,2019,1666.2117
12.345678,25.56789,6,2019,1566.9158
12.345678,25.56789,7,2019,1487.0217
12.345678,25.56789,8,2019,1426.7888
12.345678,25.56789,9,2019,1387.9451
12.345678,25.56789,10,2019,1371.2996
12.345678,25.56789,11,2019,1378.2214
12.345678,25.56789,12,2019,1410.6443
12.345678,25.56789,1,2020,1823.3855
12.345678,25.56789,2,2020,1684.2322
12.345678,25.56789,3,2020,1560.4124
12.345678,25.56789,4,2020,1456.0872
12.345678,25.56789,5,2020,1341.3606
12.456789,25.678901,1,2018,5309.107
12.456789,25.678901,2,2018,4734.467
12.456789,25.678901,3,2018,4367.09
12.456789,25.678901,4,2018,4045.5144
12.456789,25.678901,5,2018,3747.464
12.456789,25.678901,6,2018,3483.4673
12.456789,25.678901,7,2018,3247.2673
12.456789,25.678901,8,2018,3037.327
12.456789,25.678901,9,2018,2852.5876
12.456789,25.678901,10,2018,2692.005
12.456789,25.678901,11,2018,2554.8826
12.456789,25.678901,12,2018,2440.7976
12.456789,25.678901,1,2019,4608.948
12.456789,25.678901,2,2019,4172.3613
12.456789,25.678901,3,2019,3812.263
12.456789,25.678901,4,2019,3580.0657
12.456789,25.678901,5,2019,3303.2024
12.456789,25.678901,6,2019,3056.4988
12.456789,25.678901,7,2019,2835.8289
12.456789,25.678901,8,2019,2637.64
12.456789,25.678901,9,2019,2462.173
12.456789,25.678901,10,2019,2308.347
12.456789,25.678901,11,2019,2175.4739
12.456789,25.678901,12,2019,2063.072
12.89,23.45,2,2013,11731.193
12.89,23.45,3,2013,10003.9375
12.89,23.45,4,2013,9698.56
12.89,23.45,5,2013,9245.2705
12.89,23.45,6,2013,8587.45
12.89,23.45,7,2013,8055.4453
12.89,23.45,8,2013,7560.7407
12.89,23.45,9,2013,7122.7407
12.89,23.45,10,2013,6740.455
12.89,23.45,11,2013,6412.145
12.89,23.45,12,2013,6137.2617
12.89,23.45,1,2014,11257.738
12.89,23.45,2,2014,9865.105
12.89,23.45,3,2014,8968.744
12.89,23.45,4,2014,8561.175
12.89,23.45,5,2014,7901.5396
12.89,23.45,6,2014,7338.412
12.89,23.45,7,2014,6835.0376
12.89,23.45,8,2014,6378.7686
12.89,23.45,9,2014,5974.995
12.89,23.45,10,2014,5619.435
12.89,23.45,11,2014,5310.546
12.89,23.45,12,2014,5046.6143
12.89,23.45,1,2015,9824.294
12.7833,22.2833,3,2017,3628.6816
12.7833,22.2833,4,2017,3063.1194
12.7833,22.2833,5,2017,2751.4016
12.7833,22.2833,6,2017,2624.8708
12.7833,22.2833,7,2017,2450.7117
12.7833,22.2833,8,2017,2316.2283
12.7833,22.2833,9,2017,2203.7976
12.7833,22.2833,10,2017,2116.3425
12.7833,22.2833,11,2017,2053.9207
12.7833,22.2833,12,2017,2017.2966
12.7833,22.2833,1,2018,3196.3691
12.7833,22.2833,2,2018,2997.9185
12.7833,22.2833,3,2018,2820.5215
12.7833,22.2833,4,2018,2634.326
12.7833,22.2833,5,2018,2437.7122
12.7833,22.2833,6,2018,2262.3372
12.7833,22.2833,7,2018,2107.5256
12.7833,22.2833,8,2018,1974.614
12.7833,22.2833,9,2018,1863.6189
12.7833,22.2833,10,2018,1774.3967
12.7833,22.2833,11,2018,1707.0251
12.7833,22.2833,12,2018,1661.8962
12.7833,22.2833,1,2019,2855.167
12.7833,22.2833,2,2019,2665.695
12.7,22.2,5,2013,11813.856
12.7,22.2,6,2013,12451.735
12.7,22.2,7,2013,12341.138
12.7,22.2,8,2013,12343.978
12.7,22.2,9,2013,12271.406
12.7,22.2,10,2013,12325.649
12.7,22.2,11,2013,12490.255
12.7,22.2,12,2013,12858.877
12.7,22.2,1,2014,13537.519
12.7,22.2,2,2014,12969.179
12.7,22.2,3,2014,12355.746
12.7,22.2,4,2014,11706.77
12.7,22.2,5,2014,11110.732
12.7,22.2,6,2014,10583.656
12.7,22.2,7,2014,10136.85
12.7,22.2,8,2014,9773.325
12.7,22.2,9,2014,9496.233
12.7,22.2,10,2014,9309.178
12.7,22.2,11,2014,9218.365
12.7,22.2,12,2014,9233.859
12.7,22.2,1,2015,11090.525
12.7,22.2,2,2015,10666.398
12.7,22.2,3,2015,10202.218
12.7,22.2,4,2015,9663.547
13.874521,31.254789,7,2014,4511.103
13.874521,31.254789,8,2014,5035.818
13.874521,31.254789,9,2014,5253.2886
13.874521,31.254789,10,2014,5866.1
13.874521,31.254789,11,2014,6478.1294
13.874521,31.254789,12,2014,7266.34
13.874521,31.254789,1,2015,4008.266
13.874521,31.254789,2,2015,3799.4087
13.874521,31.254789,3,2015,3950.3496
13.874521,31.254789,4,2015,3861.8027
13.874521,31.254789,5,2015,3881.9165
13.874521,31.254789,6,2015,3962.0493
13.874521,31.254789,7,2015,4075.7854
13.874521,31.254789,8,2015,4241.695
13.874521,31.254789,9,2015,4469.0776
13.874521,31.254789,10,2015,4770.9087
13.874521,31.254789,11,2015,5167.6206
13.874521,31.254789,12,2015,5688.9067
13.874521,31.254789,1,2016,3478.9277
13.874521,31.254789,2,2016,3325.466
13.874521,31.254789,3,2016,3384.2183
13.874521,31.254789,4,2016,3312.899
13.874521,31.254789,5,2016,3315.9912
13.874521,31.254789,6,2016,3360.1455
11.987456,24.567891,3,2014,3861.1968
11.987456,24.567891,4,2014,3773.2537
11.987456,24.567891,5,2014,3538.9353
11.987456,24.567891,6,2014,3305.9624
11.987456,24.567891,7,2014,3093.663
11.987456,24.567891,8,2014,2906.7444
11.987456,24.567891,9,2014,2744.8062
11.987456,24.567891,10,2014,2607.4944
11.987456,24.567891,11,2014,2494.5242
11.987456,24.567891,12,2014,2405.9758
11.987456,24.567891,1,2015,4357.1406
11.987456,24.567891,2,2015,3953.487
11.987456,24.567891,3,2015,3669.4226
11.987456,24.567891,4,2015,3394.3599
11.987456,24.567891,5,2015,3141.0298
11.987456,24.567891,6,2015,2913.3445
11.987456,24.567891,7,2015,2710.1768
11.987456,24.567891,8,2015,2530.5754
11.987456,24.567891,9,2015,2373.6335
11.987456,24.567891,10,2015,2238.7058
11.987456,24.567891,11,2015,2125.3938
11.987456,24.567891,12,2015,2033.5769
11.987456,24.567891,1,2016,3935.9744
11.987456,24.567891,2,2016,3560.7773
12.345678,25.678912,3,2016,5395.128
12.345678,25.678912,4,2016,5685.768
12.345678,25.678912,5,2016,5575.379
12.345678,25.678912,6,2016,4957.0347
12.345678,25.678912,7,2016,4702.7036
12.345678,25.678912,8,2016,4442.1914
12.345678,25.678912,9,2016,4215.9956
12.345678,25.678912,10,2016,4028.0376
12.345678,25.678912,11,2016,3871.3806
12.345678,25.678912,12,2016,3747.3147
12.345678,25.678912,1,2017,6299.431
12.345678,25.678912,2,2017,5710.278
12.345678,25.678912,3,2017,5250.3794
12.345678,25.678912,4,2017,4987.432
12.345678,25.678912,5,2017,4640.6743
12.345678,25.678912,6,2017,4336.8174
12.345678,25.678912,7,2017,4068.0037
12.345678,25.678912,8,2017,3827.5742
12.345678,25.678912,9,2017,3617.381
12.345678,25.678912,10,2017,3435.9207
12.345678,25.678912,11,2017,3282.5337
12.345678,25.678912,12,2017,3156.858
12.345678,25.678912,1,2018,5607.8115
12.345678,25.678912,2,2018,5075.3555
12.876543,24.123456,9,2014,5940.472
12.876543,24.123456,10,2014,6552.5757
12.876543,24.123456,11,2014,5180.9956
12.876543,24.123456,12,2014,5052.408
12.876543,24.123456,1,2015,5226.738
12.876543,24.123456,2,2015,4700.8384
12.876543,24.123456,3,2015,4383.004
12.876543,24.123456,4,2015,4115.6816
12.876543,24.123456,5,2015,3813.9448
12.876543,24.123456,6,2015,3573.9783
12.876543,24.123456,7,2015,3371.7903
12.876543,24.123456,8,2015,3204.9482
12.876543,24.123456,9,2015,3081.2021
12.876543,24.123456,10,2015,2998.9773
12.876543,24.123456,11,2015,2960.944
12.876543,24.123456,12,2015,2971.2131
12.876543,24.123456,1,2016,3906.399
12.876543,24.123456,2,2016,3624.0771
12.876543,24.123456,3,2016,3389.4912
12.876543,24.123456,4,2016,3230.7732
12.876543,24.123456,5,2016,2985.4458
12.876543,24.123456,6,2016,2777.019
12.876543,24.123456,7,2016,2597.9788
12.876543,24.123456,8,2016,2441.9827
13.789012,25.432109,3,2014,7692.345
13.789012,25.432109,4,2014,7053.51
13.789012,25.432109,5,2014,6489.0757
13.789012,25.432109,6,2014,6504.724
13.789012,25.432109,7,2014,6177.9224
13.789012,25.432109,8,2014,5906.361
13.789012,25.432109,9,2014,5691.932
13.789012,25.432109,10,2014,5509.5483
13.789012,25.432109,11,2014,5374.7744
13.789012,25.432109,12,2014,5287.899
13.789012,25.432109,1,2015,7722.366
13.789012,25.432109,2,2015,7149.924
13.789012,25.432109,3,2015,6531.4136
13.789012,25.432109,4,2015,6252.7676
13.789012,25.432109,5,2015,5869.4385
13.789012,25.432109,6,2015,5520.566
13.789012,25.432109,7,2015,5225.0728
13.789012,25.432109,8,2015,4963.7144
13.789012,25.432109,9,2015,4741.0537
13.789012,25.432109,10,2015,4556.632
13.789012,25.432109,11,2015,4410.1567
13.789012,25.432109,12,2015,4302.44
13.789012,25.432109,1,2016,6747.9653
13.789012,25.432109,2,2016,6228.3022
12.56789,26.789012,3,2014,7681.299
12.56789,26.789012,4,2014,6940.0303
12.56789,26.789012,5,2014,8310.253
12.56789,26.789012,6,2014,7700.322
12.56789,26.789012,7,2014,7866.9365
12.56789,26.789012,8,2014,8411.3545
12.56789,26.789012,9,2014,8877.022
12.56789,26.789012,10,2014,9787.592
12.56789,26.789012,11,2014,11218.209
12.56789,26.789012,12,2014,13530.545
12.56789,26.789012,1,2015,7680.916
12.56789,26.789012,2,2015,7154.4897
12.56789,26.789012,3,2015,7142.1973
12.56789,26.789012,4,2015,6138.6367
12.56789,26.789012,5,2015,5938.2046
12.56789,26.789012,6,2015,5858.212
12.56789,26.789012,7,2015,5769.0366
12.56789,26.789012,8,2015,5865.886
12.56789,26.789012,9,2015,6069.815
12.56789,26.789012,10,2015,6401.986
12.56789,26.789012,11,2015,6919.903
12.56789,26.789012,12,2015,7683.2144
12.56789,26.789012,1,2016,5361.3213
12.56789,26.789012,2,2016,5095.2925
13.456789,25.234567,7,2014,4367.2856
13.456789,25.234567,8,2014,4473.59
13.456789,25.234567,9,2014,4575.5396
13.456789,25.234567,10,2014,4949.798
13.456789,25.234567,11,2014,5297.994
13.456789,25.234567,12,2014,5798.643
13.456789,25.234567,1,2015,4500.6504
13.456789,25.234567,2,2015,4257.3345
13.456789,25.234567,3,2015,4085.4421
13.456789,25.234567,4,2015,3897.541
13.456789,25.234567,5,2015,3794.3494
13.456789,25.234567,6,2015,3731.4695
13.456789,25.234567,7,2015,3709.93
13.456789,25.234567,8,2015,3734.54
13.456789,25.234567,9,2015,3808.6003
13.456789,25.234567,10,2015,3939.7927
13.456789,25.234567,11,2015,4139.2935
13.456789,25.234567,12,2015,4423.7686
13.456789,25.234567,1,2016,3773.4038
13.456789,25.234567,2,2016,3583.4211
13.456789,25.234567,3,2016,3429.3699
13.456789,25.234567,4,2016,3278.5278
13.456789,25.234567,5,2016,3175.0635
13.456789,25.234567,6,2016,3102.6438
11.67,22.34,8,2014,5973.185
11.67,22.34,9,2014,5283.34
11.67,22.34,10,2014,6077.7896
11.67,22.34,11,2014,6404.865
11.67,22.34,12,2014,6613.036
11.67,22.34,1,2015,8589.319
11.67,22.34,2,2015,8194.255
11.67,22.34,3,2015,7938.7153
11.67,22.34,4,2015,7729.4995
11.67,22.34,5,2015,7259.0366
11.67,22.34,6,2015,6859.3726
11.67,22.34,7,2015,6479.897
11.67,22.34,8,2015,6133.381
11.67,22.34,9,2015,5847.22
11.67,22.34,10,2015,5617.775
11.67,22.34,11,2015,5451.366
11.67,22.34,12,2015,5351.5
11.67,22.34,1,2016,7245.9805
11.67,22.34,2,2016,6782.543
11.67,22.34,3,2016,6487.482
11.67,22.34,4,2016,6254.3687
11.67,22.34,5,2016,5818.632
11.67,22.34,6,2016,5449.8813
11.67,22.34,7,2016,5107.2793
14.2,32.37,8,2014,5595.1772
14.2,32.37,9,2014,6185.1274
14.2,32.37,10,2014,6690.0596
14.2,32.37,11,2014,7707.8228
14.2,32.37,12,2014,8755.675
14.2,32.37,1,2015,4782.326
14.2,32.37,2,2015,4521.3086
14.2,32.37,3,2015,4858.289
14.2,32.37,4,2015,4588.38
14.2,32.37,5,2015,4560.8657
14.2,32.37,6,2015,4663.481
14.2,32.37,7,2015,4763.9385
14.2,32.37,8,2015,4932.439
14.2,32.37,9,2015,5180.891
14.2,32.37,10,2015,5514.119
14.2,32.37,11,2015,5961.0503
14.2,32.37,12,2015,6559.691
14.2,32.37,1,2016,4067.0188
14.2,32.37,2,2016,3875.0334
14.2,32.37,3,2016,4000.3098
14.2,32.37,4,2016,3825.154
14.2,32.37,5,2016,3795.1611
14.2,32.37,6,2016,3835.639
14.2,32.37,7,2016,3891.9072
13.45,25.67,9,2014,3881.9707
13.45,25.67,10,2014,4814.7983
13.45,25.67,11,2014,4413.7407
13.45,25.67,12,2014,4140.18
13.45,25.67,1,2015,4937.448
13.45,25.67,2,2015,4613.3174
13.45,25.67,3,2015,4308.921
13.45,25.67,4,2015,4111.8604
13.45,25.67,5,2015,3886.4316
13.45,25.67,6,2015,3692.8323
13.45,25.67,7,2015,3532.6472
13.45,25.67,8,2015,3401.0344
13.45,25.67,9,2015,3301.1177
13.45,25.67,10,2015,3233.8047
13.45,25.67,11,2015,3200.8735
13.45,25.67,12,2015,3205.21
13.45,25.67,1,2016,4256.439
13.45,25.67,2,2016,3968.4026
13.45,25.67,3,2016,3698.576
13.45,25.67,4,2016,3519.34
13.45,25.67,5,2016,3306.391
13.45,25.67,6,2016,3121.3489
13.45,25.67,7,2016,2964.4019
13.45,25.67,8,2016,2831.814
12.589745,30.147896,1,2015,6552.3096
12.589745,30.147896,2,2015,6503.1807
12.589745,30.147896,3,2015,5347.6626
12.589745,30.147896,4,2015,5620.2217
12.589745,30.147896,5,2015,5541.6533
12.589745,30.147896,6,2015,5389.5127
12.589745,30.147896,7,2015,5374.5894
12.589745,30.147896,8,2015,5380.9434
12.589745,30.147896,9,2015,5431.01
12.589745,30.147896,10,2015,5542.1943
12.589745,30.147896,11,2015,5716.6914
12.589745,30.147896,12,2015,5968.386
12.589745,30.147896,1,2016,5360.964
12.589745,30.147896,2,2016,5134.9614
12.589745,30.147896,3,2016,4989.616
12.589745,30.147896,4,2016,4806.569
12.589745,30.147896,5,2016,4675.0557
12.589745,30.147896,6,2016,4580.5938
12.589745,30.147896,7,2016,4516.437
12.589745,30.147896,8,2016,4489.389
12.589745,30.147896,9,2016,4501.331
12.589745,30.147896,10,2016,4555.784
12.589745,30.147896,11,2016,4658.2856
12.589745,30.147896,12,2016,4816.1064
13.695056,30.098321,3,2015,4752.9365
13.695056,30.098321,4,2015,5812.5586
13.695056,30.098321,5,2015,4604.428
13.695056,30.098321,6,2015,4547.8594
13.695056,30.098321,7,2015,4895.034
13.695056,30.098321,8,2015,5266.645
13.695056,30.098321,9,2015,5909.731
13.695056,30.098321,10,2015,6865.1865
13.695056,30.098321,11,2015,8282.437
13.695056,30.098321,12,2015,10577.157
13.695056,30.098321,1,2016,3978.312
13.695056,30.098321,2,2016,3422.0278
13.695056,30.098321,3,2016,3519.1147
13.695056,30.098321,4,2016,3220.779
13.695056,30.098321,5,2016,3284.5706
13.695056,30.098321,6,2016,3456.2708
13.695056,30.098321,7,2016,3681.715
13.695056,30.098321,8,2016,4012.0405
13.695056,30.098321,9,2016,4458.76
13.695056,30.098321,10,2016,5060.7666
13.695056,30.098321,11,2016,5891.7217
13.695056,30.098321,12,2016,7083.058
13.695056,30.098321,1,2017,3015.4202
13.695056,30.098321,2,2017,2733.7346
16.973957,29.939331,4,2015,3797.3896
16.973957,29.939331,5,2015,3025.9346
16.973957,29.939331,6,2015,3344.9663
16.973957,29.939331,7,2015,3407.2676
16.973957,29.939331,8,2015,3512.183
16.973957,29.939331,9,2015,3715.964
16.973957,29.939331,10,2015,3988.5688
16.973957,29.939331,11,2015,4354.074
16.973957,29.939331,12,2015,4847.632
16.973957,29.939331,1,2016,2961.624
16.973957,29.939331,2,2016,2724.4207
16.973957,29.939331,3,2016,2774.599
16.973957,29.939331,4,2016,2711.3628
16.973957,29.939331,5,2016,2693.3342
16.973957,29.939331,6,2016,2717.6587
16.973957,29.939331,7,2016,2770.5188
16.973957,29.939331,8,2016,2859.4443
16.973957,29.939331,9,2016,2991.3728
16.973957,29.939331,10,2016,3174.6697
16.973957,29.939331,11,2016,3421.7585
16.973957,29.939331,12,2016,3750.5845
16.973957,29.939331,1,2017,2526.7058
16.973957,29.939331,2,2017,2355.2346
16.973957,29.939331,3,2017,2351.0764
13.551155,27.754439,4,2015,3408.138
13.551155,27.754439,5,2015,3883.1152
13.551155,27.754439,6,2015,3771.5432
13.551155,27.754439,7,2015,4103.4136
13.551155,27.754439,8,2015,4366.101
13.551155,27.754439,9,2015,4695.1694
13.551155,27.754439,10,2015,5154.5283
13.551155,27.754439,11,2015,5769.899
13.551155,27.754439,12,2015,6628.6963
13.551155,27.754439,1,2016,3758.081
13.551155,27.754439,2,2016,3491.5164
13.551155,27.754439,3,2016,3420.4658
13.551155,27.754439,4,2016,3252.8354
13.551155,27.754439,5,2016,3246.3828
13.551155,27.754439,6,2016,3291.3926
13.551155,27.754439,7,2016,3380.697
13.551155,27.754439,8,2016,3528.3018
13.551155,27.754439,9,2016,3738.947
13.551155,27.754439,10,2016,4027.4004
13.551155,27.754439,11,2016,4416.451
13.551155,27.754439,12,2016,4941.348
13.551155,27.754439,1,2017,3083.0366
13.551155,27.754439,2,2017,2902.386
13.551155,27.754439,3,2017,2829.308
18.954785,28.338918,3,2015,2550.028
18.954785,28.338918,4,2015,2618.0427
18.954785,28.338918,5,2015,2521.909
18.954785,28.338918,6,2015,2548.8748
18.954785,28.338918,7,2015,2582.761
18.954785,28.338918,8,2015,2642.0007
18.954785,28.338918,9,2015,2745.746
18.954785,28.338918,10,2015,2901.3977
18.954785,28.338918,11,2015,3121.772
18.954785,28.338918,12,2015,3426.4526
18.954785,28.338918,1,2016,2488.2058
18.954785,28.338918,2,2016,2279.6218
18.954785,28.338918,3,2016,2237.1755
18.954785,28.338918,4,2016,2157.8123
18.954785,28.338918,5,2016,2102.7961
18.954785,28.338918,6,2016,2076.7249
18.954785,28.338918,7,2016,2075.1145
18.954785,28.338918,8,2016,2101.348
18.954785,28.338918,9,2016,2159.7102
18.954785,28.338918,10,2016,2255.6038
18.954785,28.338918,11,2016,2396.697
18.954785,28.338918,12,2016,2593.8928
18.954785,28.338918,1,2017,2097.429
18.954785,28.338918,2,2017,1942.1873
17.629421,24.409295,4,2015,1248.1399
17.629421,24.409295,5,2015,814.384
17.629421,24.409295,6,2015,695.3195
17.629421,24.409295,7,2015,637.3029
17.629421,24.409295,8,2015,548.3405
17.629421,24.409295,9,2015,496.2922
17.629421,24.409295,10,2015,469.38693
17.629421,24.409295,11,2015,468.09396
17.629421,24.409295,12,2015,498.38742
17.629421,24.409295,1,2016,995.02655
17.629421,24.409295,2,2016,874.49774
17.629421,24.409295,3,2016,730.12714
17.629421,24.409295,4,2016,615.91766
17.629421,24.409295,5,2016,486.8171
17.629421,24.409295,6,2016,372.46994
17.629421,24.409295,7,2016,276.071
17.629421,24.409295,8,2016,196.80782
17.629421,24.409295,9,2016,136.529
17.629421,24.409295,10,2016,96.23556
17.629421,24.409295,11,2016,77.31661
17.629421,24.409295,12,2016,81.90304
17.629421,24.409295,1,2017,679.60223
17.629421,24.409295,2,2017,569.0949
17.629421,24.409295,3,2017,433.09592
14.741927,25.574201,3,2015,3061.033
14.741927,25.574201,4,2015,3044.6636
14.741927,25.574201,5,2015,3183.3342
14.741927,25.574201,6,2015,3186.446
14.741927,25.574201,7,2015,3174.996
14.741927,25.574201,8,2015,3204.6277
14.741927,25.574201,9,2015,3265.026
14.741927,25.574201,10,2015,3378.2021
14.741927,25.574201,11,2015,3561.1963
14.741927,25.574201,12,2015,3833.1404
14.741927,25.574201,1,2016,3329.4348
14.741927,25.574201,2,2016,3123.4858
14.741927,25.574201,3,2016,2963.8552
14.741927,25.574201,4,2016,2772.9968
14.741927,25.574201,5,2016,2633.929
14.741927,25.574201,6,2016,2527.8406
14.741927,25.574201,7,2016,2451.4485
14.741927,25.574201,8,2016,2411.6296
14.741927,25.574201,9,2016,2409.549
14.741927,25.574201,10,2016,2449.1672
14.741927,25.574201,11,2016,2536.7712
14.741927,25.574201,12,2016,2681.1372
14.741927,25.574201,1,2017,2636.2483
14.741927,25.574201,2,2017,2469.0764
16.874563,29.365478,3,2015,3244.804
16.874563,29.365478,4,2015,3669.1094
16.874563,29.365478,5,2015,3267.7927
16.874563,29.365478,6,2015,3335.1555
16.874563,29.365478,7,2015,3349.3718
16.874563,29.365478,8,2015,3333.2322
16.874563,29.365478,9,2015,3377.034
16.874563,29.365478,10,2015,3465.7366
16.874563,29.365478,11,2015,3605.304
16.874563,29.365478,12,2015,3811.7954
16.874563,29.365478,1,2016,3411.88
16.874563,29.365478,2,2016,3203.0767
16.874563,29.365478,3,2016,3077.3086
16.874563,29.365478,4,2016,2938.211
16.874563,29.365478,5,2016,2826.913
16.874563,29.365478,6,2016,2746.004
16.874563,29.365478,7,2016,2690.5288
16.874563,29.365478,8,2016,2663.5442
16.874563,29.365478,9,2016,2667.8003
16.874563,29.365478,10,2016,2706.4812
16.874563,29.365478,11,2016,2784.4211
16.874563,29.365478,12,2016,2908.3247
16.874563,29.365478,1,2017,2884.5837
16.874563,29.365478,2,2017,2711.1265
10.924614,30.125607,4,2015,5996.6475
10.924614,30.125607,5,2015,5571.489
10.924614,30.125607,6,2015,5631.217
10.924614,30.125607,7,2015,5807.3506
10.924614,30.125607,8,2015,5744.4155
10.924614,30.125607,9,2015,5772.111
10.924614,30.125607,10,2015,5839.3433
10.924614,30.125607,11,2015,5951.9565
10.924614,30.125607,12,2015,6132.3174
10.924614,30.125607,1,2016,6032.659
10.924614,30.125607,2,2016,5760.7925
10.924614,30.125607,3,2016,5550.7705
10.924614,30.125607,4,2016,5359.719
10.924614,30.125607,5,2016,5191.1274
10.924614,30.125607,6,2016,5058.55
10.924614,30.125607,7,2016,4959.4844
10.924614,30.125607,8,2016,4895.601
10.924614,30.125607,9,2016,4869.289
10.924614,30.125607,10,2016,4883.079
10.924614,30.125607,11,2016,4940.8076
10.924614,30.125607,12,2016,5047.7114
10.924614,30.125607,1,2017,5325.3086
10.924614,30.125607,2,2017,5050.429
10.924614,30.125607,3,2017,4835.0
16.478965,29.874521,6,2015,3879.442
16.478965,29.874521,7,2015,3491.5972
16.478965,29.874521,8,2015,3629.9783
16.478965,29.874521,9,2015,3866.7422
16.478965,29.874521,10,2015,4119.76
16.478965,29.874521,11,2015,4470.44
16.478965,29.874521,12,2015,4943.9688
16.478965,29.874521,1,2016,3133.3289
16.478965,29.874521,2,2016,2907.0176
16.478965,29.874521,3,2016,2945.1353
16.478965,29.874521,4,2016,2876.2124
16.478965,29.874521,5,2016,2853.9585
16.478965,29.874521,6,2016,2872.9023
16.478965,29.874521,7,2016,2920.3884
16.478965,29.874521,8,2016,3003.8247
16.478965,29.874521,9,2016,3129.6438
16.478965,29.874521,10,2016,3305.7544
16.478965,29.874521,11,2016,3543.8174
16.478965,29.874521,12,2016,3860.527
16.478965,29.874521,1,2017,2690.9128
16.478965,29.874521,2,2017,2523.569
16.478965,29.874521,3,2017,2510.1414
16.478965,29.874521,4,2017,2444.0833
16.478965,29.874521,5,2017,2412.6594
12.123456,25.987654,7,2015,2478.1277
12.123456,25.987654,8,2015,2726.7708
12.123456,25.987654,9,2015,2811.3254
12.123456,25.987654,10,2015,2833.127
12.123456,25.987654,11,2015,2960.6992
12.123456,25.987654,12,2015,3122.771
12.123456,25.987654,1,2016,2909.0996
12.123456,25.987654,2,2016,2762.3696
12.123456,25.987654,3,2016,2630.8713
12.123456,25.987654,4,2016,2505.8113
12.123456,25.987654,5,2016,2406.4016
12.123456,25.987654,6,2016,2330.3694
12.123456,25.987654,7,2016,2278.9265
12.123456,25.987654,8,2016,2253.8928
12.123456,25.987654,9,2016,2257.0007
12.123456,25.987654,10,2016,2290.9211
12.123456,25.987654,11,2016,2359.3523
12.123456,25.987654,12,2016,2467.4124
12.123456,25.987654,1,2017,2503.5222
12.123456,25.987654,2,2017,2362.449
12.123456,25.987654,3,2017,2238.6277
12.123456,25.987654,4,2017,2125.8591
12.123456,25.987654,5,2017,2026.0457
12.123456,25.987654,6,2017,1946.8567
12.947362,29.87531,9,2015,5039.989
12.947362,29.87531,10,2015,4939.1006
12.947362,29.87531,11,2015,5341.588
12.947362,29.87531,12,2015,5758.4165
12.947362,29.87531,1,2016,5359.07
12.947362,29.87531,2,2016,5121.951
12.947362,29.87531,3,2016,4965.7153
12.947362,29.87531,4,2016,4784.382
12.947362,29.87531,5,2016,4641.513
12.947362,29.87531,6,2016,4535.579
12.947362,29.87531,7,2016,4460.447
12.947362,29.87531,8,2016,4421.1807
12.947362,29.87531,9,2016,4420.1313
12.947362,29.87531,10,2016,4460.5166
12.947362,29.87531,11,2016,4547.4146
12.947362,29.87531,12,2016,4687.6157
12.947362,29.87531,1,2017,4691.328
12.947362,29.87531,2,2017,4462.229
12.947362,29.87531,3,2017,4274.8164
12.947362,29.87531,4,2017,4117.322
12.947362,29.87531,5,2017,3974.6204
12.947362,29.87531,6,2017,3860.7178
12.947362,29.87531,7,2017,3775.6072
12.947362,29.87531,8,2017,3719.4575
15.452389,32.748512,9,2015,5722.685
15.452389,32.748512,10,2015,5431.477
15.452389,32.748512,11,2015,6650.9165
15.452389,32.748512,12,2015,7587.4575
15.452389,32.748512,1,2016,3149.9336
15.452389,32.748512,2,2016,2857.445
15.452389,32.748512,3,2016,3158.9216
15.452389,32.748512,4,2016,3099.4153
15.452389,32.748512,5,2016,3158.944
15.452389,32.748512,6,2016,3302.8062
15.452389,32.748512,7,2016,3479.5752
15.452389,32.748512,8,2016,3714.362
15.452389,32.748512,9,2016,4023.5083
15.452389,32.748512,10,2016,4425.3486
15.452389,32.748512,11,2016,4951.3003
15.452389,32.748512,12,2016,5650.1353
15.452389,32.748512,1,2017,2682.2532
15.452389,32.748512,2,2017,2487.8562
15.452389,32.748512,3,2017,2653.624
15.452389,32.748512,4,2017,2615.89
15.452389,32.748512,5,2017,2660.5732
15.452389,32.748512,6,2017,2758.8645
15.452389,32.748512,7,2017,2886.2388
15.452389,32.748512,8,2017,3057.483
16.378965,33.124578,9,2015,5026.5938
16.378965,33.124578,10,2015,7957.754
16.378965,33.124578,11,2015,10411.543
16.378965,33.124578,12,2015,17272.62
16.378965,33.124578,1,2016,3561.249
16.378965,33.124578,2,2016,1813.3215
16.378965,33.124578,3,2016,2303.3655
16.378965,33.124578,4,2016,1798.1482
16.378965,33.124578,5,2016,1820.5681
16.378965,33.124578,6,2016,2091.9807
16.378965,33.124578,7,2016,2404.8254
16.378965,33.124578,8,2016,2859.9531
16.378965,33.124578,9,2016,3504.1074
16.378965,33.124578,10,2016,4419.0835
16.378965,33.124578,11,2016,5808.678
16.378965,33.124578,12,2016,8159.0825
16.378965,33.124578,1,2017,1722.7249
16.378965,33.124578,2,2017,1201.7971
16.378965,33.124578,3,2017,1401.904
16.378965,33.124578,4,2017,1229.8147
16.378965,33.124578,5,2017,1330.0217
16.378965,33.124578,6,2017,1532.1643
16.378965,33.124578,7,2017,1778.9314
16.378965,33.124578,8,2017,2115.6516
14.784125,30.548963,9,2015,4560.5283
14.784125,30.548963,10,2015,4560.4663
14.784125,30.548963,11,2015,5071.278
14.784125,30.548963,12,2015,6937.963
14.784125,30.548963,1,2016,2531.1697
14.784125,30.548963,2,2016,2172.411
14.784125,30.548963,3,2016,2291.7405
14.784125,30.548963,4,2016,1937.7048
14.784125,30.548963,5,2016,1943.7913
14.784125,30.548963,6,2016,2043.7151
14.784125,30.548963,7,2016,2159.611
14.784125,30.548963,8,2016,2363.7556
14.784125,30.548963,9,2016,2650.633
14.784125,30.548963,10,2016,3038.4485
14.784125,30.548963,11,2016,3573.5693
14.784125,30.548963,12,2016,4325.4976
14.784125,30.548963,1,2017,1720.0676
14.784125,30.548963,2,2017,1548.9451
14.784125,30.548963,3,2017,1560.8347
14.784125,30.548963,4,2017,1378.3411
14.784125,30.548963,5,2017,1390.5989
14.784125,30.548963,6,2017,1450.9617
14.784125,30.548963,7,2017,1535.9548
14.784125,30.548963,8,2017,1675.4241
15.689412,32.987654,9,2015,4185.707
15.689412,32.987654,10,2015,4393.9775
15.689412,32.987654,11,2015,4921.8403
15.689412,32.987654,12,2015,5702.849
15.689412,32.987654,1,2016,3079.4856
15.689412,32.987654,2,2016,2858.9993
15.689412,32.987654,3,2016,3023.2756
15.689412,32.987654,4,2016,2887.81
15.689412,32.987654,5,2016,2877.5825
15.689412,32.987654,6,2016,2940.8674
15.689412,32.987654,7,2016,3020.727
15.689412,32.987654,8,2016,3145.8945
15.689412,32.987654,9,2016,3324.991
15.689412,32.987654,10,2016,3565.11
15.689412,32.987654,11,2016,3883.4045
15.689412,32.987654,12,2016,4303.7046
15.689412,32.987654,1,2017,2563.591
15.689412,32.987654,2,2017,2410.0325
15.689412,32.987654,3,2017,2469.2957
15.689412,32.987654,4,2017,2370.466
15.689412,32.987654,5,2017,2354.3352
15.689412,32.987654,6,2017,2382.986
15.689412,32.987654,7,2017,2430.8098
15.689412,32.987654,8,2017,2513.0906
14.125487,30.784596,9,2015,4164.559
14.125487,30.784596,10,2015,4496.304
14.125487,30.784596,11,2015,4890.085
14.125487,30.784596,12,2015,5359.995
14.125487,30.784596,1,2016,3468.3665
14.125487,30.784596,2,2016,3309.995
14.125487,30.784596,3,2016,3339.7158
14.125487,30.784596,4,2016,3264.9731
14.125487,30.784596,5,2016,3253.74
14.125487,30.784596,6,2016,3280.4143
14.125487,30.784596,7,2016,3335.8142
14.125487,30.784596,8,2016,3428.5027
14.125487,30.784596,9,2016,3563.754
14.125487,30.784596,10,2016,3749.0303
14.125487,30.784596,11,2016,3995.1287
14.125487,30.784596,12,2016,4317.0796
14.125487,30.784596,1,2017,3032.816
14.125487,30.784596,2,2017,2902.1865
14.125487,30.784596,3,2017,2888.128
14.125487,30.784596,4,2017,2820.228
14.125487,30.784596,5,2017,2797.2393
14.125487,30.784596,6,2017,2802.9248
14.125487,30.784596,7,2017,2833.3826
14.125487,30.784596,8,2017,2893.7068
13.546721,30.125389,10,2015,5226.65
13.546721,30.125389,11,2015,6824.554
13.546721,30.125389,12,2015,8770.852
13.546721,30.125389,1,2016,3809.0642
13.546721,30.125389,2,2016,3462.2268
13.546721,30.125389,3,2016,3565.0403
13.546721,30.125389,4,2016,3357.601
13.546721,30.125389,5,2016,3448.2036
13.546721,30.125389,6,2016,3633.1345
13.546721,30.125389,7,2016,3876.221
13.546721,30.125389,8,2016,4224.253
13.546721,30.125389,9,2016,4693.3438
13.546721,30.125389,10,2016,5326.6562
13.546721,30.125389,11,2016,6203.799
13.546721,30.125389,12,2016,7469.2285
13.546721,30.125389,1,2017,3195.065
13.546721,30.125389,2,2017,2899.5566
13.546721,30.125389,3,2017,2932.8982
13.546721,30.125389,4,2017,2766.5093
13.546721,30.125389,5,2017,2828.1748
13.546721,30.125389,6,2017,2955.9346
13.546721,30.125389,7,2017,3129.242
13.546721,30.125389,8,2017,3375.0496
13.546721,30.125389,9,2017,3700.8972
11.87,22.89,1,2016,7772.889
11.87,22.89,2,2016,5514.821
11.87,22.89,3,2016,5655.9663
11.87,22.89,4,2016,5908.0
11.87,22.89,5,2016,5397.132
11.87,22.89,6,2016,5169.64
11.87,22.89,7,2016,4911.0757
11.87,22.89,8,2016,4655.45
11.87,22.89,9,2016,4458.2065
11.87,22.89,10,2016,4297.414
11.87,22.89,11,2016,4184.022
11.87,22.89,12,2016,4120.5938
11.87,22.89,1,2017,5704.7363
11.87,22.89,2,2017,5345.557
11.87,22.89,3,2017,5084.984
11.87,22.89,4,2017,4882.7446
11.87,22.89,5,2017,4543.4385
11.87,22.89,6,2017,4251.996
11.87,22.89,7,2017,3987.8972
11.87,22.89,8,2017,3752.6792
11.87,22.89,9,2017,3556.8281
11.87,22.89,10,2017,3398.2551
11.87,22.89,11,2017,3278.0256
11.87,22.89,12,2017,3196.9397
10.567,30.467,5,2018,2198.3972
10.567,30.467,6,2018,2358.07
10.567,30.467,7,2018,2595.6013
10.567,30.467,8,2018,2800.6504
10.567,30.467,9,2018,3008.716
10.567,30.467,10,2018,3273.6716
10.567,30.467,11,2018,3602.7031
10.567,30.467,12,2018,4023.0916
10.567,30.467,1,2019,2340.0144
10.567,30.467,2,2019,2284.888
10.567,30.467,3,2019,2233.0266
10.567,30.467,4,2019,2101.4797
10.567,30.467,5,2019,2106.8167
10.567,30.467,6,2019,2134.905
10.567,30.467,7,2019,2190.511
10.567,30.467,8,2019,2286.5793
10.567,30.467,9,2019,2420.007
10.567,30.467,10,2019,2598.0203
10.567,30.467,11,2019,2829.8376
10.567,30.467,12,2019,3127.6638
10.567,30.467,1,2020,1910.7332
10.567,30.467,2,2020,1854.197
10.567,30.467,3,2020,1801.5891
10.567,30.467,4,2020,1704.4529
10.632,30.379,5,2018,2134.66
10.632,30.379,6,2018,2190.5203
10.632,30.379,7,2018,2266.907
10.632,30.379,8,2018,2493.8801
10.632,30.379,9,2018,2666.7927
10.632,30.379,10,2018,2895.0803
10.632,30.379,11,2018,3184.545
10.632,30.379,12,2018,3547.4807
10.632,30.379,1,2019,1977.8337
10.632,30.379,2,2019,1943.8298
10.632,30.379,3,2019,1915.8455
10.632,30.379,4,2019,1851.0276
10.632,30.379,5,2019,1872.4509
10.632,30.379,6,2019,1915.0457
10.632,30.379,7,2019,1983.0027
10.632,30.379,8,2019,2082.386
10.632,30.379,9,2019,2214.7815
10.632,30.379,10,2019,2386.2136
10.632,30.379,11,2019,2604.5315
10.632,30.379,12,2019,2880.4658
10.632,30.379,1,2020,1683.7366
10.632,30.379,2,2020,1646.4861
10.632,30.379,3,2020,1615.239
10.632,30.379,4,2020,1563.1672
13.478965,31.254789,3,2016,6610.739
13.478965,31.254789,4,2016,3601.4856
13.478965,31.254789,5,2016,4436.4478
13.478965,31.254789,6,2016,3809.079
13.478965,31.254789,7,2016,3640.347
13.478965,31.254789,8,2016,4000.7942
13.478965,31.254789,9,2016,4348.7256
13.478965,31.254789,10,2016,4927.3066
13.478965,31.254789,11,2016,5831.1714
13.478965,31.254789,12,2016,7162.9375
13.478965,31.254789,1,2017,2750.6472
13.478965,31.254789,2,2017,2514.0388
13.478965,31.254789,3,2017,2597.8582
13.478965,31.254789,4,2017,2246.6682
13.478965,31.254789,5,2017,2281.1335
13.478965,31.254789,6,2017,2392.2424
13.478965,31.254789,7,2017,2522.4905
13.478965,31.254789,8,2017,2744.4172
13.478965,31.254789,9,2017,3046.8228
13.478965,31.254789,10,2017,3448.759
13.478965,31.254789,11,2017,3993.7078
13.478965,31.254789,12,2017,4743.57
13.478965,31.254789,1,2018,1989.367
13.478965,31.254789,2,2018,1856.3865
11.007893,29.715408,3,2020,1257.1838
11.007893,29.715408,4,2020,1238.4993
11.007893,29.715408,5,2020,1320.8752
11.007893,29.715408,6,2020,1222.5061
11.007893,29.715408,7,2020,1304.5417
11.007893,29.715408,8,2020,1411.177
11.007893,29.715408,9,2020,1546.0588
11.007893,29.715408,10,2020,1717.6833
11.007893,29.715408,11,2020,1927.9641
11.007893,29.715408,12,2020,2185.3137
11.007893,29.715408,1,2021,940.4919
11.007893,29.715408,2,2021,909.3737
11.007893,29.715408,3,2021,905.88934
11.007893,29.715408,4,2021,896.93475
11.007893,29.715408,5,2021,934.3332
11.007893,29.715408,6,2021,989.26776
11.007893,29.715408,7,2021,1063.0842
11.007893,29.715408,8,2021,1158.4231
11.007893,29.715408,9,2021,1277.3289
11.007893,29.715408,10,2021,1423.4216
11.007893,29.715408,11,2021,1601.4119
11.007893,29.715408,12,2021,1817.5237
11.007893,29.715408,1,2022,763.9738
11.007893,29.715408,2,2022,735.6066
11.859,31.084,1,2020,221.77608
11.859,31.084,2,2020,46.083702
11.859,31.084,3,2020,110.20577
11.859,31.084,4,2020,-31.125282
11.859,31.084,5,2020,-23.176064
11.859,31.084,6,2020,5.8302836
11.859,31.084,7,2020,45.742393
11.859,31.084,8,2020,108.51388
11.859,31.084,9,2020,190.97041
11.859,31.084,10,2020,295.69553
11.859,31.084,11,2020,426.56223
11.859,31.084,12,2020,588.1823
11.859,31.084,1,2021,-136.26201
11.859,31.084,2,2021,-166.2288
11.859,31.084,3,2021,-183.11748
11.859,31.084,4,2021,-210.63017
11.859,31.084,5,2021,-201.16338
11.859,31.084,6,2021,-178.85039
11.859,31.084,7,2021,-142.91484
11.859,31.084,8,2021,-90.991005
11.859,31.084,9,2021,-22.32743
11.859,31.084,10,2021,65.22628
11.859,31.084,11,2021,174.44014
11.859,31.084,12,2021,308.8879
10.9333,30.45,5,2018,3104.0942
10.9333,30.45,6,2018,2993.4165
10.9333,30.45,7,2018,2920.01
10.9333,30.45,8,2018,2855.543
10.9333,30.45,9,2018,2817.9473
10.9333,30.45,10,2018,2800.4285
10.9333,30.45,11,2018,2804.946
10.9333,30.45,12,2018,2832.4536
10.9333,30.45,1,2019,3372.4243
10.9333,30.45,2,2019,3182.9146
10.9333,30.45,3,2019,3021.0723
10.9333,30.45,4,2019,2888.5896
10.9333,30.45,5,2019,2775.2295
10.9333,30.45,6,2019,2679.3367
10.9333,30.45,7,2019,2600.9055
10.9333,30.45,8,2019,2540.0867
10.9333,30.45,9,2019,2497.1926
10.9333,30.45,10,2019,2472.744
10.9333,30.45,11,2019,2467.5066
10.9333,30.45,12,2019,2482.553
10.9333,30.45,1,2020,3075.2297
10.9333,30.45,2,2020,2893.724
10.9333,30.45,3,2020,2737.5254
10.9333,30.45,4,2020,2608.9524
12.456789,24.876543,12,2018,1708.137
12.456789,24.876543,1,2019,3584.1575
12.456789,24.876543,2,2019,3277.8528
12.456789,24.876543,3,2019,2985.5938
12.456789,24.876543,4,2019,2777.5781
12.456789,24.876543,5,2019,2548.1165
12.456789,24.876543,6,2019,2342.2136
12.456789,24.876543,7,2019,2157.8528
12.456789,24.876543,8,2019,1993.0754
12.456789,24.876543,9,2019,1847.5686
12.456789,24.876543,10,2019,1720.5471
12.456789,24.876543,11,2019,1611.4695
12.456789,24.876543,12,2019,1519.9807
12.456789,24.876543,1,2020,3255.3635
12.456789,24.876543,2,2020,2934.8396
12.456789,24.876543,3,2020,2659.1375
12.456789,24.876543,4,2020,2459.4114
12.456789,24.876543,5,2020,2243.0876
12.456789,24.876543,6,2020,2048.7166
12.456789,24.876543,7,2020,1874.0422
12.456789,24.876543,8,2020,1717.3762
12.456789,24.876543,9,2020,1578.3142
12.456789,24.876543,10,2020,1456.1091
12.456789,24.876543,11,2020,1350.2288
15.321478,31.874563,6,2016,2680.531
15.321478,31.874563,7,2016,3254.2705
15.321478,31.874563,8,2016,3351.8748
15.321478,31.874563,9,2016,4029.0552
15.321478,31.874563,10,2016,4887.7715
15.321478,31.874563,11,2016,6076.521
15.321478,31.874563,12,2016,8003.7134
15.321478,31.874563,1,2017,2298.549
15.321478,31.874563,2,2017,1846.7244
15.321478,31.874563,3,2017,1995.8699
15.321478,31.874563,4,2017,1823.5383
15.321478,31.874563,5,2017,1914.845
15.321478,31.874563,6,2017,2098.5623
15.321478,31.874563,7,2017,2327.2263
15.321478,31.874563,8,2017,2641.2825
15.321478,31.874563,9,2017,3057.5508
15.321478,31.874563,10,2017,3611.7917
15.321478,31.874563,11,2017,4371.737
15.321478,31.874563,12,2017,5459.994
15.321478,31.874563,1,2018,1667.1912
15.321478,31.874563,2,2018,1421.3723
15.321478,31.874563,3,2018,1504.4719
15.321478,31.874563,4,2018,1417.9988
15.321478,31.874563,5,2018,1499.9939
11.464,31.1,12,2016,6601.127
11.464,31.1,1,2017,3466.0327
11.464,31.1,2,2017,3263.2053
11.464,31.1,3,2017,3618.609
11.464,31.1,4,2017,3539.7388
11.464,31.1,5,2017,3668.768
11.464,31.1,6,2017,3871.2993
11.464,31.1,7,2017,4116.035
11.464,31.1,8,2017,4449.1826
11.464,31.1,9,2017,4883.688
11.464,31.1,10,2017,5452.5117
11.464,31.1,11,2017,6211.6216
11.464,31.1,12,2017,7253.1924
11.464,31.1,1,2018,3317.086
11.464,31.1,2,2018,3178.1724
11.464,31.1,3,2018,3181.8467
11.464,31.1,4,2018,3039.6262
11.464,31.1,5,2018,3120.8943
11.464,31.1,6,2018,3250.1558
11.464,31.1,7,2018,3425.7136
11.464,31.1,8,2018,3668.704
11.464,31.1,9,2018,3983.312
11.464,31.1,10,2018,4389.217
11.464,31.1,11,2018,4916.1465
12.7667,31.1333,7,2016,3514.996
12.7667,31.1333,8,2016,3486.3003
12.7667,31.1333,9,2016,3639.0793
12.7667,31.1333,10,2016,3763.7185
12.7667,31.1333,11,2016,3982.7886
12.7667,31.1333,12,2016,4269.763
12.7667,31.1333,1,2017,3114.821
12.7667,31.1333,2,2017,3008.8635
12.7667,31.1333,3,2017,2976.031
12.7667,31.1333,4,2017,2905.952
12.7667,31.1333,5,2017,2880.4067
12.7667,31.1333,6,2017,2880.5234
12.7667,31.1333,7,2017,2905.0586
12.7667,31.1333,8,2017,2958.2449
12.7667,31.1333,9,2017,3043.0415
12.7667,31.1333,10,2017,3163.8953
12.7667,31.1333,11,2017,3326.8066
12.7667,31.1333,12,2017,3539.8252
12.7667,31.1333,1,2018,2756.868
12.7667,31.1333,2,2018,2656.8716
12.7667,31.1333,3,2018,2606.361
12.7667,31.1333,4,2018,2540.071
12.7667,31.1333,5,2018,2506.1404
12.7667,31.1333,6,2018,2493.6711
12.75,24.1333,7,2016,3496.002
12.75,24.1333,8,2016,3136.959
12.75,24.1333,9,2016,3418.2104
12.75,24.1333,10,2016,3654.8142
12.75,24.1333,11,2016,3705.9382
12.75,24.1333,12,2016,3838.8418
12.75,24.1333,1,2017,4587.8794
12.75,24.1333,2,2017,4349.1885
12.75,24.1333,3,2017,4130.762
12.75,24.1333,4,2017,3950.6924
12.75,24.1333,5,2017,3715.5012
12.75,24.1333,6,2017,3512.9463
12.75,24.1333,7,2017,3340.2305
12.75,24.1333,8,2017,3196.4336
12.75,24.1333,9,2017,3088.0188
12.75,24.1333,10,2017,3015.537
12.75,24.1333,11,2017,2981.0637
12.75,24.1333,12,2017,2987.623
12.75,24.1333,1,2018,3872.3816
12.75,24.1333,2,2018,3642.1519
12.75,24.1333,3,2018,3433.3464
12.75,24.1333,4,2018,3270.7805
12.75,24.1333,5,2018,3052.0913
12.75,24.1333,6,2018,2862.3892
13.6333,25.3667,8,2016,2047.1082
13.6333,25.3667,9,2016,2128.6116
13.6333,25.3667,10,2016,2278.4807
13.6333,25.3667,11,2016,2432.8665
13.6333,25.3667,12,2016,2571.1506
13.6333,25.3667,1,2017,2625.6326
13.6333,25.3667,2,2017,2480.5154
13.6333,25.3667,3,2017,2347.0168
13.6333,25.3667,4,2017,2226.0188
13.6333,25.3667,5,2017,2117.2825
13.6333,25.3667,6,2017,2029.9968
13.6333,25.3667,7,2017,1964.8586
13.6333,25.3667,8,2017,1923.0828
13.6333,25.3667,9,2017,1906.3708
13.6333,25.3667,10,2017,1916.761
13.6333,25.3667,11,2017,1957.1365
13.6333,25.3667,12,2017,2031.5071
13.6333,25.3667,1,2018,2261.345
13.6333,25.3667,2,2018,2121.424
13.6333,25.3667,3,2018,1992.1418
13.6333,25.3667,4,2018,1879.864
13.6333,25.3667,5,2018,1772.1599
13.6333,25.3667,6,2018,1683.3049
13.6333,25.3667,7,2018,1613.6321
12.55,23.75,3,2017,5680.925
12.55,23.75,4,2017,4964.5444
12.55,23.75,5,2017,4654.836
12.55,23.75,6,2017,4408.424
12.55,23.75,7,2017,4055.3918
12.55,23.75,8,2017,3749.9912
12.55,23.75,9,2017,3470.941
12.55,23.75,10,2017,3221.8477
12.55,23.75,11,2017,3001.5088
12.55,23.75,12,2017,2808.6567
12.55,23.75,1,2018,6188.644
12.55,23.75,2,2018,5480.6265
12.55,23.75,3,2018,4973.855
12.55,23.75,4,2018,4642.776
12.55,23.75,5,2018,4242.576
12.55,23.75,6,2018,3887.9075
12.55,23.75,7,2018,3566.8984
12.55,23.75,8,2018,3276.227
12.55,23.75,9,2018,3015.1562
12.55,23.75,10,2018,2781.6152
12.55,23.75,11,2018,2574.051
12.55,23.75,12,2018,2391.1077
12.55,23.75,1,2019,5554.1157
12.55,23.75,2,2019,4919.6743
12.76,33.58,4,2017,3101.5757
12.76,33.58,5,2017,3296.427
12.76,33.58,6,2017,3188.5413
12.76,33.58,7,2017,3401.8574
12.76,33.58,8,2017,3520.1038
12.76,33.58,9,2017,3659.8372
12.76,33.58,10,2017,3865.7346
12.76,33.58,11,2017,4125.505
12.76,33.58,12,2017,4459.4746
12.76,33.58,1,2018,2989.2876
12.76,33.58,2,2018,2900.5498
12.76,33.58,3,2018,2916.9458
12.76,33.58,4,2018,2817.843
12.76,33.58,5,2018,2803.2883
12.76,33.58,6,2018,2821.016
12.76,33.58,7,2018,2858.5686
12.76,33.58,8,2018,2928.7932
12.76,33.58,9,2018,3033.2432
12.76,33.58,10,2018,3176.278
12.76,33.58,11,2018,3365.1382
12.76,33.58,12,2018,3608.9006
12.76,33.58,1,2019,2583.4397
12.76,33.58,2,2019,2497.9382
12.76,33.58,3,2019,2481.2498
12.78,33.6,4,2017,2918.1738
12.78,33.6,5,2017,2854.1711
12.78,33.6,6,2017,3049.3167
12.78,33.6,7,2017,3165.4387
12.78,33.6,8,2017,3331.7917
12.78,33.6,9,2017,3554.7007
12.78,33.6,10,2017,3834.3652
12.78,33.6,11,2017,4189.116
12.78,33.6,12,2017,4640.228
12.78,33.6,1,2018,2513.1892
12.78,33.6,2,2018,2448.3772
12.78,33.6,3,2018,2520.3928
12.78,33.6,4,2018,2488.5886
12.78,33.6,5,2018,2528.4583
12.78,33.6,6,2018,2599.8938
12.78,33.6,7,2018,2696.4558
12.78,33.6,8,2018,2827.1543
12.78,33.6,9,2018,2996.6272
12.78,33.6,10,2018,3212.0195
12.78,33.6,11,2018,3483.4873
12.78,33.6,12,2018,3824.8538
12.78,33.6,1,2019,2201.4158
12.78,33.6,2,2019,2144.8894
12.78,33.6,3,2019,2183.554
12.8,33.62,4,2017,2569.0437
12.8,33.62,5,2017,3171.784
12.8,33.62,6,2017,3329.1965
12.8,33.62,7,2017,3931.342
12.8,33.62,8,2017,4544.7847
12.8,33.62,9,2017,5304.583
12.8,33.62,10,2017,6381.1084
12.8,33.62,11,2017,7935.259
12.8,33.62,12,2017,10403.3545
12.8,33.62,1,2018,2973.8347
12.8,33.62,2,2018,2579.424
12.8,33.62,3,2018,2802.3948
12.8,33.62,4,2018,2547.1204
12.8,33.62,5,2018,2692.064
12.8,33.62,6,2018,2943.8118
12.8,33.62,7,2018,3243.6965
12.8,33.62,8,2018,3656.6956
12.8,33.62,9,2018,4197.9556
12.8,33.62,10,2018,4913.908
12.8,33.62,11,2018,5895.2207
12.8,33.62,12,2018,7306.414
12.8,33.62,1,2019,2281.1482
12.8,33.62,2,2019,2075.3728
12.8,33.62,3,2019,2205.0842
12.82,33.64,4,2017,2230.2249
12.82,33.64,5,2017,2188.1936
12.82,33.64,6,2017,2480.6453
12.82,33.64,7,2017,2975.903
12.82,33.64,8,2017,3381.0269
12.82,33.64,9,2017,3945.014
12.82,33.64,10,2017,4719.23
12.82,33.64,11,2017,5775.8716
12.82,33.64,12,2017,7358.3564
12.82,33.64,1,2018,2205.6096
12.82,33.64,2,2018,2034.2708
12.82,33.64,3,2018,2191.2864
12.82,33.64,4,2018,1851.5876
12.82,33.64,5,2018,1943.0535
12.82,33.64,6,2018,2112.6453
12.82,33.64,7,2018,2299.3079
12.82,33.64,8,2018,2586.8167
12.82,33.64,9,2018,2965.044
12.82,33.64,10,2018,3458.5593
12.82,33.64,11,2018,4123.2476
12.82,33.64,12,2018,5042.1167
12.82,33.64,1,2019,1576.7205
12.82,33.64,2,2019,1483.5066
12.82,33.64,3,2019,1558.4978
14.965478,30.784125,9,2017,1759.7708
14.965478,30.784125,10,2017,1940.3108
14.965478,30.784125,11,2017,2490.2312
14.965478,30.784125,12,2017,2647.7205
14.965478,30.784125,1,2018,910.6779
14.965478,30.784125,2,2018,813.56854
14.965478,30.784125,3,2018,786.4821
14.965478,30.784125,4,2018,683.1779
14.965478,30.784125,5,2018,693.1047
14.965478,30.784125,6,2018,731.863
14.965478,30.784125,7,2018,793.3317
14.965478,30.784125,8,2018,890.2541
14.965478,30.784125,9,2018,1023.20624
14.965478,30.784125,10,2018,1199.4895
14.965478,30.784125,11,2018,1430.6189
14.965478,30.784125,12,2018,1732.677
14.965478,30.784125,1,2019,561.10223
14.965478,30.784125,2,2019,481.5969
14.965478,30.784125,3,2019,461.21994
14.965478,30.784125,4,2019,391.79367
14.965478,30.784125,5,2019,394.26974
14.965478,30.784125,6,2019,419.17307
14.965478,30.784125,7,2019,463.05685
14.965478,30.784125,8,2019,533.55145
12.88,24.93,6,2018,3670.906
12.88,24.93,7,2018,3465.8926
12.88,24.93,8,2018,3226.0562
12.88,24.93,9,2018,3018.0613
12.88,24.93,10,2018,2859.1477
12.88,24.93,11,2018,2722.4756
12.88,24.93,12,2018,2606.9573
12.88,24.93,1,2019,4890.0557
12.88,24.93,2,2019,4490.156
12.88,24.93,3,2019,4103.8945
12.88,24.93,4,2019,3772.9072
12.88,24.93,5,2019,3516.3835
12.88,24.93,6,2019,3282.6216
12.88,24.93,7,2019,3070.6848
12.88,24.93,8,2019,2878.931
12.88,24.93,9,2019,2707.5369
12.88,24.93,10,2019,2555.6848
12.88,24.93,11,2019,2422.8015
12.88,24.93,12,2019,2308.4055
12.88,24.93,1,2020,4493.9014
12.88,24.93,2,2020,4121.651
12.88,24.93,3,2020,3761.3567
12.88,24.93,4,2020,3450.7974
12.88,24.93,5,2020,3207.0718
12.698745,30.874563,9,2017,3439.272
12.698745,30.874563,10,2017,3399.121
12.698745,30.874563,11,2017,3553.5405
12.698745,30.874563,12,2017,3610.6072
12.698745,30.874563,1,2018,3762.5442
12.698745,30.874563,2,2018,3591.817
12.698745,30.874563,3,2018,3439.877
12.698745,30.874563,4,2018,3319.9905
12.698745,30.874563,5,2018,3219.9995
12.698745,30.874563,6,2018,3139.99
12.698745,30.874563,7,2018,3080.507
12.698745,30.874563,8,2018,3042.1921
12.698745,30.874563,9,2018,3025.9626
12.698745,30.874563,10,2018,3033.1133
12.698745,30.874563,11,2018,3065.3855
12.698745,30.874563,12,2018,3125.0896
12.698745,30.874563,1,2019,3407.8796
12.698745,30.874563,2,2019,3243.4873
12.698745,30.874563,3,2019,3092.6292
12.698745,30.874563,4,2019,2974.8523
12.698745,30.874563,5,2019,2875.196
12.698745,30.874563,6,2019,2793.5422
12.698745,30.874563,7,2019,2730.293
12.698745,30.874563,8,2019,2685.8884
12.7167,28.4333,1,2018,3886.8452
12.7167,28.4333,2,2018,3649.3125
12.7167,28.4333,3,2018,3322.7793
12.7167,28.4333,4,2018,3277.2805
12.7167,28.4333,5,2018,3104.7048
12.7167,28.4333,6,2018,2952.013
12.7167,28.4333,7,2018,2829.6755
12.7167,28.4333,8,2018,2725.57
12.7167,28.4333,9,2018,2644.301
12.7167,28.4333,10,2018,2586.2683
12.7167,28.4333,11,2018,2552.0862
12.7167,28.4333,12,2018,2543.0964
12.7167,28.4333,1,2019,3478.6501
12.7167,28.4333,2,2019,3236.606
12.7167,28.4333,3,2019,3010.9714
12.7167,28.4333,4,2019,2862.5115
12.7167,28.4333,5,2019,2697.2395
12.7167,28.4333,6,2019,2552.861
12.7167,28.4333,7,2019,2430.2234
12.7167,28.4333,8,2019,2326.7092
12.7167,28.4333,9,2019,2243.265
12.7167,28.4333,10,2019,2180.055
12.7167,28.4333,11,2019,2137.533
12.7167,28.4333,12,2019,2116.528
12.7,28.4333,11,2017,3010.0474
12.7,28.4333,12,2017,3044.6926
12.7,28.4333,1,2018,4149.2666
12.7,28.4333,2,2018,3981.3289
12.7,28.4333,3,2018,3719.4126
12.7,28.4333,4,2018,3559.982
12.7,28.4333,5,2018,3377.4885
12.7,28.4333,6,2018,3215.5554
12.7,28.4333,7,2018,3080.0908
12.7,28.4333,8,2018,2966.9023
12.7,28.4333,9,2018,2877.5208
12.7,28.4333,10,2018,2812.4087
12.7,28.4333,11,2018,2772.2825
12.7,28.4333,12,2018,2758.427
12.7,28.4333,1,2019,3777.631
12.7,28.4333,2,2019,3516.332
12.7,28.4333,3,2019,3273.1829
12.7,28.4333,4,2019,3117.34
12.7,28.4333,5,2019,2940.0076
12.7,28.4333,6,2019,2784.7383
12.7,28.4333,7,2019,2652.569
12.7,28.4333,8,2019,2540.2898
12.7,28.4333,9,2019,2449.0203
12.7,28.4333,10,2019,2378.882
14.1833,32.3667,11,2017,3621.554
14.1833,32.3667,12,2017,4044.8235
14.1833,32.3667,1,2018,2414.0413
14.1833,32.3667,2,2018,2303.4036
14.1833,32.3667,3,2018,2346.223
14.1833,32.3667,4,2018,2312.1946
14.1833,32.3667,5,2018,2329.156
14.1833,32.3667,6,2018,2376.028
14.1833,32.3667,7,2018,2446.7654
14.1833,32.3667,8,2018,2548.0007
14.1833,32.3667,9,2018,2684.151
14.1833,32.3667,10,2018,2861.3179
14.1833,32.3667,11,2018,3088.113
14.1833,32.3667,12,2018,3376.298
14.1833,32.3667,1,2019,2094.7957
14.1833,32.3667,2,2019,2010.283
14.1833,32.3667,3,2019,2025.9338
14.1833,32.3667,4,2019,1992.0598
14.1833,32.3667,5,2019,1998.2878
14.1833,32.3667,6,2019,2028.2292
14.1833,32.3667,7,2019,2078.76
14.1833,32.3667,8,2019,2154.3918
14.1833,32.3667,9,2019,2258.285
14.1833,32.3667,10,2019,2394.823
12.35,29.25,12,2017,4145.8516
12.35,29.25,1,2018,2655.7485
12.35,29.25,2,2018,2451.3577
12.35,29.25,3,2018,2562.8171
12.35,29.25,4,2018,2508.0676
12.35,29.25,5,2018,2534.7327
12.35,29.25,6,2018,2599.6033
12.35,29.25,7,2018,2692.8394
12.35,29.25,8,2018,2827.464
12.35,29.25,9,2018,3008.253
12.35,29.25,10,2018,3244.7498
12.35,29.25,11,2018,3550.9722
12.35,29.25,12,2018,3946.9463
12.35,29.25,1,2019,2358.1584
12.35,29.25,2,2019,2258.327
12.35,29.25,3,2019,2213.9368
12.35,29.25,4,2019,2145.3323
12.35,29.25,5,2019,2155.4841
12.35,29.25,6,2019,2192.8694
12.35,29.25,7,2019,2258.5784
12.35,29.25,8,2019,2357.785
12.35,29.25,9,2019,2493.3147
12.35,29.25,10,2019,2671.638
12.35,29.25,11,2019,2901.663
11.55,27.6,12,2017,3838.0876
11.55,27.6,1,2018,3205.9001
11.55,27.6,2,2018,3327.703
11.55,27.6,3,2018,3246.6013
11.55,27.6,4,2018,3110.6165
11.55,27.6,5,2018,3052.5183
11.55,27.6,6,2018,3003.1968
11.55,27.6,7,2018,2982.2402
11.55,27.6,8,2018,2998.3538
11.55,27.6,9,2018,3050.7456
11.55,27.6,10,2018,3145.9792
11.55,27.6,11,2018,3290.9219
11.55,27.6,12,2018,3494.924
11.55,27.6,1,2019,2992.3486
11.55,27.6,2,2019,2857.8257
11.55,27.6,3,2019,2738.567
11.55,27.6,4,2019,2602.4563
11.55,27.6,5,2019,2516.0935
11.55,27.6,6,2019,2453.736
11.55,27.6,7,2019,2416.8484
11.55,27.6,8,2019,2409.8333
11.55,27.6,9,2019,2433.0251
11.55,27.6,10,2019,2489.574
11.55,27.6,11,2019,2583.6448
11.0333,27.7333,12,2017,1879.8147
11.0333,27.7333,1,2018,2758.203
11.0333,27.7333,2,2018,2638.786
11.0333,27.7333,3,2018,2424.5242
11.0333,27.7333,4,2018,2285.1213
11.0333,27.7333,5,2018,2152.0872
11.0333,27.7333,6,2018,2036.8694
11.0333,27.7333,7,2018,1938.5803
11.0333,27.7333,8,2018,1857.0667
11.0333,27.7333,9,2018,1792.3982
11.0333,27.7333,10,2018,1744.8157
11.0333,27.7333,11,2018,1714.8044
11.0333,27.7333,12,2018,1703.1086
11.0333,27.7333,1,2019,2525.55
11.0333,27.7333,2,2019,2329.2595
11.0333,27.7333,3,2019,2174.7942
11.0333,27.7333,4,2019,2037.5706
11.0333,27.7333,5,2019,1909.1902
11.0333,27.7333,6,2019,1796.9646
11.0333,27.7333,7,2019,1700.0862
11.0333,27.7333,8,2019,1618.5334
11.0333,27.7333,9,2019,1552.2742
11.0333,27.7333,10,2019,1501.4475
11.0333,27.7333,11,2019,1466.3723
11.3333,27.8,12,2017,4669.945
11.3333,27.8,1,2018,3115.9453
11.3333,27.8,2,2018,2762.6802
11.3333,27.8,3,2018,2689.0024
11.3333,27.8,4,2018,2553.9988
11.3333,27.8,5,2018,2511.8118
11.3333,27.8,6,2018,2506.261
11.3333,27.8,7,2018,2529.5505
11.3333,27.8,8,2018,2588.1228
11.3333,27.8,9,2018,2682.613
11.3333,27.8,10,2018,2818.1047
11.3333,27.8,11,2018,3001.866
11.3333,27.8,12,2018,3243.998
11.3333,27.8,1,2019,2424.1663
11.3333,27.8,2,2019,2329.301
11.3333,27.8,3,2019,2244.028
11.3333,27.8,4,2019,2155.3816
11.3333,27.8,5,2019,2118.824
11.3333,27.8,6,2019,2104.1091
11.3333,27.8,7,2019,2114.0696
11.3333,27.8,8,2019,2151.281
11.3333,27.8,9,2019,2217.238
11.3333,27.8,10,2019,2315.6526
11.3333,27.8,11,2019,2451.3928
12.7,28.0,12,2017,7261.858
12.7,28.0,1,2018,3342.0703
12.7,28.0,2,2018,2996.915
12.7,28.0,3,2018,2621.988
12.7,28.0,4,2018,2417.3547
12.7,28.0,5,2018,2376.53
12.7,28.0,6,2018,2372.4182
12.7,28.0,7,2018,2409.077
12.7,28.0,8,2018,2483.7888
12.7,28.0,9,2018,2596.1697
12.7,28.0,10,2018,2751.8625
12.7,28.0,11,2018,2958.8005
12.7,28.0,12,2018,3228.6885
12.7,28.0,1,2019,2253.1804
12.7,28.0,2,2019,2149.388
12.7,28.0,3,2019,2082.2273
12.7,28.0,4,2019,2010.4788
12.7,28.0,5,2019,1988.9773
12.7,28.0,6,2019,1990.655
12.7,28.0,7,2019,2016.6589
12.7,28.0,8,2019,2069.8708
12.7,28.0,9,2019,2152.4998
12.7,28.0,10,2019,2268.7366
12.7,28.0,11,2019,2424.244
11.0333,28.4667,12,2017,8552.514
11.0333,28.4667,1,2018,4808.497
11.0333,28.4667,2,2018,3872.672
11.0333,28.4667,3,2018,3779.266
11.0333,28.4667,4,2018,3337.5798
11.0333,28.4667,5,2018,3204.0413
11.0333,28.4667,6,2018,3158.3506
11.0333,28.4667,7,2018,3135.0278
11.0333,28.4667,8,2018,3176.3472
11.0333,28.4667,9,2018,3264.1982
11.0333,28.4667,10,2018,3402.1738
11.0333,28.4667,11,2018,3600.4814
11.0333,28.4667,12,2018,3869.8079
11.0333,28.4667,1,2019,2989.5605
11.0333,28.4667,2,2019,2876.7463
11.0333,28.4667,3,2019,2772.4375
11.0333,28.4667,4,2019,2631.298
11.0333,28.4667,5,2019,2570.4539
11.0333,28.4667,6,2019,2533.1946
11.0333,28.4667,7,2019,2522.7937
11.0333,28.4667,8,2019,2546.2327
11.0333,28.4667,9,2019,2602.4412
11.0333,28.4667,10,2019,2695.8213
11.0333,28.4667,11,2019,2831.8953
11.7,28.35,1,2018,2630.4543
11.7,28.35,2,2018,2489.0789
11.7,28.35,3,2018,2450.175
11.7,28.35,4,2018,2278.7097
11.7,28.35,5,2018,2173.0017
11.7,28.35,6,2018,2083.015
11.7,28.35,7,2018,2010.0042
11.7,28.35,8,2018,1954.7131
11.7,28.35,9,2018,1917.2942
11.7,28.35,10,2018,1898.4729
11.7,28.35,11,2018,1899.2615
11.7,28.35,12,2018,1921.0603
11.7,28.35,1,2019,2432.6843
11.7,28.35,2,2019,2273.7268
11.7,28.35,3,2019,2137.2678
11.7,28.35,4,2019,2022.7703
11.7,28.35,5,2019,1917.5808
11.7,28.35,6,2019,1828.2888
11.7,28.35,7,2019,1754.575
11.7,28.35,8,2019,1696.5745
11.7,28.35,9,2019,1654.6042
11.7,28.35,10,2019,1629.1589
11.7,28.35,11,2019,1620.9827
11.7,28.35,12,2019,1631.1145
11.2,27.7,1,2018,3205.9263
11.2,27.7,2,2018,3220.483
11.2,27.7,3,2018,2973.4832
11.2,27.7,4,2018,2676.047
11.2,27.7,5,2018,2633.3127
11.2,27.7,6,2018,2609.2214
11.2,27.7,7,2018,2623.0173
11.2,27.7,8,2018,2674.4214
11.2,27.7,9,2018,2759.8003
11.2,27.7,10,2018,2884.0178
11.2,27.7,11,2018,3052.7559
11.2,27.7,12,2018,3274.5027
11.2,27.7,1,2019,2540.3533
11.2,27.7,2,2019,2443.2751
11.2,27.7,3,2019,2356.8474
11.2,27.7,4,2019,2277.972
11.2,27.7,5,2019,2240.4895
11.2,27.7,6,2019,2224.682
11.2,27.7,7,2019,2232.8298
11.2,27.7,8,2019,2266.6575
11.2,27.7,9,2019,2328.014
11.2,27.7,10,2019,2420.1653
11.2,27.7,11,2019,2547.4436
11.2,27.7,12,2019,2715.73
12.45,23.9,11,2019,1278.1663
12.45,23.9,12,2019,1130.5984
12.45,23.9,1,2020,2290.4607
12.45,23.9,2,2020,2101.64
12.45,23.9,3,2020,1925.1912
12.45,23.9,4,2020,1766.883
12.45,23.9,5,2020,1623.7361
12.45,23.9,6,2020,1495.4524
12.45,23.9,7,2020,1381.4128
12.45,23.9,8,2020,1281.1819
12.45,23.9,9,2020,1194.4197
12.45,23.9,10,2020,1120.9163
12.45,23.9,11,2020,1060.5857
12.45,23.9,12,2020,1013.48505
12.45,23.9,1,2021,2092.365
12.45,23.9,2,2021,1906.7903
12.45,23.9,3,2021,1738.2834
12.45,23.9,4,2021,1586.4246
12.45,23.9,5,2021,1448.9441
12.45,23.9,6,2021,1325.3201
12.45,23.9,7,2021,1214.9851
12.45,23.9,8,2021,1117.5032
12.45,23.9,9,2021,1032.5417
12.45,23.9,10,2021,959.8654
12.34,24.56,9,2018,255.52705
12.34,24.56,10,2018,180.17989
12.34,24.56,11,2018,182.24971
12.34,24.56,12,2018,194.21797
12.34,24.56,1,2019,565.28143
12.34,24.56,2,2019,447.86008
12.34,24.56,3,2019,351.1921
12.34,24.56,4,2019,271.18674
12.34,24.56,5,2019,179.15108
12.34,24.56,6,2019,101.56954
12.34,24.56,7,2019,37.005577
12.34,24.56,8,2019,-14.616005
12.34,24.56,9,2019,-51.803505
12.34,24.56,10,2019,-74.10575
12.34,24.56,11,2019,-80.63212
12.34,24.56,12,2019,-70.12821
12.34,24.56,1,2020,359.52267
12.34,24.56,2,2020,247.06758
12.34,24.56,3,2020,155.36153
12.34,24.56,4,2020,79.8503
12.34,24.56,5,2020,-9.140419
12.34,24.56,6,2020,-85.02421
12.34,24.56,7,2020,-149.24297
12.34,24.56,8,2020,-201.95049
12.98,24.12,9,2018,1785.1589
12.98,24.12,10,2018,2217.5588
12.98,24.12,11,2018,1647.845
12.98,24.12,12,2018,1551.8704
12.98,24.12,1,2019,2343.634
12.98,24.12,2,2019,2148.6252
12.98,24.12,3,2019,1980.6995
12.98,24.12,4,2019,1847.7781
12.98,24.12,5,2019,1708.6365
12.98,24.12,6,2019,1587.3142
12.98,24.12,7,2019,1482.7839
12.98,24.12,8,2019,1394.5613
12.98,24.12,9,2019,1322.9993
12.98,24.12,10,2019,1268.2029
12.98,24.12,11,2019,1230.5471
12.98,24.12,12,2019,1210.6882
12.98,24.12,1,2020,2056.1697
12.98,24.12,2,2020,1886.0627
12.98,24.12,3,2020,1728.657
12.98,24.12,4,2020,1602.0364
12.98,24.12,5,2020,1469.0652
12.98,24.12,6,2020,1352.0696
12.98,24.12,7,2020,1250.3264
12.98,24.12,8,2020,1163.3894
13.01,22.67,2,2020,2988.7979
13.01,22.67,3,2020,2796.9062
13.01,22.67,4,2020,2476.215
13.01,22.67,5,2020,2281.3528
13.01,22.67,6,2020,2070.3318
13.01,22.67,7,2020,1879.5891
13.01,22.67,8,2020,1707.8777
13.01,22.67,9,2020,1553.8308
13.01,22.67,10,2020,1416.7522
13.01,22.67,11,2020,1295.888
13.01,22.67,12,2020,1190.6492
13.01,22.67,1,2021,3047.3457
13.01,22.67,2,2021,2738.4521
13.01,22.67,3,2021,2453.6643
13.01,22.67,4,2021,2239.0823
13.01,22.67,5,2021,2019.5955
13.01,22.67,6,2021,1820.4192
13.01,22.67,7,2021,1639.9587
13.01,22.67,8,2021,1476.7966
13.01,22.67,9,2021,1330.1096
13.01,22.67,10,2021,1199.052
13.01,22.67,11,2021,1082.9197
13.01,22.67,12,2021,981.15204
13.01,22.67,1,2022,2752.139
12.67,23.45,2,2020,2561.1223
12.67,23.45,3,2020,2375.4714
12.67,23.45,4,2020,2218.6062
12.67,23.45,5,2020,2074.8455
12.67,23.45,6,2020,1949.5178
12.67,23.45,7,2020,1839.6663
12.67,23.45,8,2020,1745.0593
12.67,23.45,9,2020,1665.4065
12.67,23.45,10,2020,1600.6448
12.67,23.45,11,2020,1550.8665
12.67,23.45,12,2020,1516.3435
12.67,23.45,1,2021,2514.26
12.67,23.45,2,2021,2331.9846
12.67,23.45,3,2021,2156.0535
12.67,23.45,4,2021,2003.905
12.67,23.45,5,2021,1867.8787
12.67,23.45,6,2021,1746.8342
12.67,23.45,7,2021,1640.1995
12.67,23.45,8,2021,1547.6165
12.67,23.45,9,2021,1468.8435
12.67,23.45,10,2021,1403.7664
12.67,23.45,11,2021,1352.4075
12.67,23.45,12,2021,1314.9465
12.67,23.45,1,2022,2300.8396
13.12,30.55,2,2020,728.29706
13.12,30.55,3,2020,800.4089
13.12,30.55,4,2020,841.84784
13.12,30.55,5,2020,922.2375
13.12,30.55,6,2020,1017.4782
13.12,30.55,7,2020,1135.8386
13.12,30.55,8,2020,1283.2029
13.12,30.55,9,2020,1464.3982
13.12,30.55,10,2020,1686.8821
13.12,30.55,11,2020,1960.7068
13.12,30.55,12,2020,2299.9246
13.12,30.55,1,2021,688.71063
13.12,30.55,2,2021,639.6716
13.12,30.55,3,2021,664.94403
13.12,30.55,4,2021,664.5422
13.12,30.55,5,2021,721.175
13.12,30.55,6,2021,799.217
13.12,30.55,7,2021,897.946
13.12,30.55,8,2021,1021.98016
13.12,30.55,9,2021,1174.4207
13.12,30.55,10,2021,1360.6243
13.12,30.55,11,2021,1587.9075
13.12,30.55,12,2021,1866.2654
13.12,30.55,1,2022,510.59592
13.14,30.57,2,2020,-576.0672
13.14,30.57,3,2020,-634.4583
13.14,30.57,4,2020,-649.74884
13.14,30.57,5,2020,-680.6751
13.14,30.57,6,2020,-664.0184
13.14,30.57,7,2020,-634.17804
13.14,30.57,8,2020,-591.3079
13.14,30.57,9,2020,-532.9549
13.14,30.57,10,2020,-458.46463
13.14,30.57,11,2020,-365.56717
13.14,30.57,12,2020,-251.28105
13.14,30.57,1,2021,-750.5623
13.14,30.57,2,2021,-778.3294
13.14,30.57,3,2021,-793.1966
13.14,30.57,4,2021,-811.5716
13.14,30.57,5,2021,-806.97736
13.14,30.57,6,2021,-792.25275
13.14,30.57,7,2021,-767.0052
13.14,30.57,8,2021,-729.88165
13.14,30.57,9,2021,-680.16876
13.14,30.57,10,2021,-616.451
13.14,30.57,11,2021,-536.9256
13.14,30.57,12,2021,-439.28543
13.14,30.57,1,2022,-857.8763
13.16,30.59,2,2020,692.8171
13.16,30.59,3,2020,638.3024
13.16,30.59,4,2020,584.42303
13.16,30.59,5,2020,547.93964
13.16,30.59,6,2020,519.1955
13.16,30.59,7,2020,502.0217
13.16,30.59,8,2020,497.1921
13.16,30.59,9,2020,505.15598
13.16,30.59,10,2020,526.78534
13.16,30.59,11,2020,563.1457
13.16,30.59,12,2020,615.60223
13.16,30.59,1,2021,599.6901
13.16,30.59,2,2021,528.4836
13.16,30.59,3,2021,468.72678
13.16,30.59,4,2021,418.62033
13.16,30.59,5,2021,377.71408
13.16,30.59,6,2021,347.37082
13.16,30.59,7,2021,327.78244
13.16,30.59,8,2021,319.27805
13.16,30.59,9,2021,322.35568
13.16,30.59,10,2021,337.65598
13.16,30.59,11,2021,366.0178
13.16,30.59,12,2021,408.5173
13.16,30.59,1,2022,442.49826
